fighter_name,fighter_url,slpm,str_acc,sapm,str_def,td_avg,td_acc,td_def,sub_avg,recent_fights_count,fight_0_date,fight_0_event,fight_0_method,fight_0_opponent,fight_0_result,fight_0_round,fight_1_date,fight_1_event,fight_1_method,fight_1_opponent,fight_1_result,fight_1_round,fight_2_date,fight_2_event,fight_2_method,fight_2_opponent,fight_2_result,fight_2_round,fight_3_date,fight_3_event,fight_3_method,fight_3_opponent,fight_3_result,fight_3_round,fight_4_date,fight_4_event,fight_4_method,fight_4_opponent,fight_4_result,fight_4_round,fight_5_date,fight_5_event,fight_5_method,fight_5_opponent,fight_5_result,fight_5_round,fight_6_date,fight_6_event,fight_6_method,fight_6_opponent,fight_6_result,fight_6_round,fight_7_date,fight_7_event,fight_7_method,fight_7_opponent,fight_7_result,fight_7_round,fight_8_date,fight_8_event,fight_8_method,fight_8_opponent,fight_8_result,fight_8_round,fight_9_date,fight_9_event,fight_9_method,fight_9_opponent,fight_9_result,fight_9_round
Jack Della Maddalena,http://www.ufcstats.com/fighter-details/6b453bc35a823c3f,5.57,51,3.84,63,0.13,10,64,0.1,10,"Nov. 15, 2025",UFC 322: Della Maddalena vs. Makhachev,,Islam Makhachev,loss,5,"May. 10, 2025",UFC 315: Muhammad vs. Della Maddalena,,Belal Muhammad,win,5,"Mar. 09, 2024",UFC 299: O'Malley vs. Vera 2,KO/TKO,Gilbert Burns,win,3,"Sep. 16, 2023",UFC Fight Night: Grasso vs. Shevchenko 2,,Kevin Holland,win,3,"Jul. 15, 2023",UFC Fight Night: Holm vs. Bueno Silva,,Bassil Hafez,win,3,"Feb. 11, 2023",UFC 284: Makhachev vs. Volkanovski,,Randy Brown,win,1,"Nov. 19, 2022",UFC Fight Night: Nzechukwu vs. Cutelaba,KO/TKO,Danny Roberts,win,1,"Jun. 11, 2022",UFC 275: Teixeira vs. Prochazka,KO/TKO,Ramazan Emeev,win,1,"Jan. 22, 2022",UFC 270: Ngannou vs. Gane,KO/TKO,Pete Rodriguez,win,1,"Sep. 14, 2021",DWCS 5.3,,Ange Loosa,win,3
Carlos Prates,http://www.ufcstats.com/fighter-details/7ee0fd831c0fe7c3,3.77,55,4.53,47,0.21,100,80,0.0,8,"Nov. 15, 2025",UFC 322: Della Maddalena vs. Makhachev,KO/TKO,Leon Edwards,win,2,"Aug. 16, 2025",UFC 319: Du Plessis vs. Chimaev,KO/TKO,Geoff Neal,win,1,"Apr. 26, 2025",UFC Fight Night: Machado Garry vs. Prates,,Ian Machado Garry,loss,5,"Nov. 09, 2024",UFC Fight Night: Magny vs. Prates,KO/TKO,Neil Magny,win,1,"Aug. 17, 2024",UFC 305: Du Plessis vs. Adesanya,KO/TKO,Li Jingliang,win,2,"Jun. 08, 2024",UFC Fight Night: Cannonier vs. Imavov,KO/TKO,Charles Radtke,win,1,"Feb. 10, 2024",UFC Fight Night: Hermansson vs. Pyfer,KO/TKO,Trevin Giles,win,2,"Aug. 29, 2023",DWCS 7.4,KO/TKO,Mitch Ramirez,win,2,,,,,,,,,,,,
Beneil Dariush,http://www.ufcstats.com/fighter-details/08af939f41b5a57b,3.78,49,2.62,57,2.11,38,82,0.8,25,"Nov. 15, 2025",UFC 322: Della Maddalena vs. Makhachev,KO/TKO,Benoit Saint Denis,loss,1,"Jun. 28, 2025",UFC 317: Topuria vs. Oliveira,,Renato Moicano,win,3,"Dec. 02, 2023",UFC Fight Night: Dariush vs. Tsarukyan,KO/TKO,Arman Tsarukyan,loss,1,"Jun. 10, 2023",UFC 289: Nunes vs. Aldana,KO/TKO,Charles Oliveira,loss,1,"Oct. 22, 2022",UFC 280: Oliveira vs. Makhachev,,Mateusz Gamrot,win,3,"May. 15, 2021",UFC 262: Oliveira vs. Chandler,,Tony Ferguson,win,3,"Feb. 06, 2021",UFC Fight Night: Overeem vs. Volkov,,Diego Ferreira,win,3,"Aug. 08, 2020",UFC Fight Night: Lewis vs. Oleinik,KO/TKO,Scott Holtzman,win,1,"Mar. 07, 2020",UFC 248: Adesanya vs. Romero,KO/TKO,Drakkar Klose,win,2,"Oct. 26, 2019",UFC Fight Night: Maia vs. Askren,,Frank Camacho,win,1
Quillan Salkilld,http://www.ufcstats.com/fighter-details/17734443a833cdf7,5.16,57,3.24,44,7.95,36,90,0.8,5,"Jan. 31, 2026",UFC 325: Volkanovski vs. Lopes 2,,Jamie Mullarkey,win,1,"Oct. 25, 2025",UFC 321: Aspinall vs. Gane,KO/TKO,Nasrat Haqparast,win,1,"Jun. 07, 2025",UFC 316: Dvalishvili vs. O'Malley 2,,Yanal Ashmouz,win,3,"Feb. 08, 2025",UFC 312: Du Plessis vs. Strickland 2,KO/TKO,Anshul Jubli,win,1,"Sep. 03, 2024",DWCS 8.4,,Gauge Young,win,3,,,,,,,,,,,,,,,,,,,,,,,,,,,,,,
Tim Elliott,http://www.ufcstats.com/fighter-details/c96d9178c9ed9e62,3.37,44,2.65,57,3.71,47,59,1.1,21,"Aug. 16, 2025",UFC 319: Du Plessis vs. Chimaev,,Kai Asakura,win,2,"Dec. 09, 2023",UFC Fight Night: Song vs. Gutierrez,,Sumudaerji,win,1,"Oct. 21, 2023",UFC 294: Makhachev vs. Volkanovski 2,,Muhammad Mokaev,loss,3,"Jun. 03, 2023",UFC Fight Night: Kara-France vs. Albazi,,Victor Altamirano,win,3,"Mar. 05, 2022",UFC 272: Covington vs. Masvidal,,Tagir Ulanbekov,win,3,"Oct. 09, 2021",UFC Fight Night: Dern vs. Rodriguez,,Matheus Nicolau,loss,3,"Mar. 06, 2021",UFC 259: Blachowicz vs. Adesanya,,Jordan Espinosa,win,3,"Jul. 15, 2020",UFC Fight Night: Kattar vs. Ige,,Ryan Benoit,win,3,"May. 30, 2020",UFC Fight Night: Woodley vs. Burns,,Brandon Royval,loss,2,"Jan. 18, 2020",UFC 246: McGregor vs. Cowboy,,Askar Askarov,loss,3
Steve Erceg,http://www.ufcstats.com/fighter-details/32ab52e5de93092d,4.00,45,3.79,52,1.15,27,62,0.4,7,"Aug. 09, 2025",UFC Fight Night: Dolidze vs. Hernandez,,Ode Osbourne,win,3,"Mar. 29, 2025",UFC Fight Night: Moreno vs. Erceg,,Brandon Moreno,loss,5,"Aug. 17, 2024",UFC 305: Du Plessis vs. Adesanya,KO/TKO,Kai Kara-France,loss,1,"May. 04, 2024",UFC 301: Pantoja vs. Erceg,,Alexandre Pantoja,loss,5,"Mar. 02, 2024",UFC Fight Night: Rozenstruik vs. Gaziev,KO/TKO,Matt Schnell,win,2,"Nov. 11, 2023",UFC 295: Prochazka vs. Pereira,,Alessandro Costa,win,3,"Jun. 10, 2023",UFC 289: Nunes vs. Aldana,,David Dvorak,win,3,,,,,,,,,,,,,,,,,,
Marwan Rahiki,http://www.ufcstats.com/fighter-details/6eedb757f13b9978,7.73,52,6.33,56,0.00,0,100,0.9,2,"Mar. 14, 2026",UFC Fight Night: Emmett vs. Vallejos,KO/TKO,Harry Hardwick,win,2,"Oct. 14, 2025",DWCS 9.10,KO/TKO,Ananias Mulumba,win,2,,,,,,,,,,,,,,,,,,,,,,,,,,,,,,,,,,,,,,,,,,,,,,,,
Ollie Schmid,http://www.ufcstats.com/fighter-details/b701f095e6ccb149,0.00,0,0.00,0,0.00,0,0,0.0,0,,,,,,,,,,,,,,,,,,,,,,,,,,,,,,,,,,,,,,,,,,,,,,,,,,,,,,,,,,,,
Shamil Gaziev,http://www.ufcstats.com/fighter-details/6747ccd6d1acd266,2.62,47,3.97,45,0.93,30,83,0.3,6,"Nov. 22, 2025",UFC Fight Night: Tsarukyan vs. Hooker,KO/TKO,Waldo Cortes Acosta,loss,1,"Feb. 01, 2025",UFC Fight Night: Adesanya vs. Imavov,KO/TKO,Thomas Petersen,win,1,"Aug. 03, 2024",UFC Fight Night: Sandhagen vs. Nurmagomedov,,Don'Tale Mayes,win,3,"Mar. 02, 2024",UFC Fight Night: Rozenstruik vs. Gaziev,KO/TKO,Jairzinho Rozenstruik,loss,4,"Dec. 16, 2023",UFC 296: Edwards vs. Covington,KO/TKO,Martin Buday,win,2,"Sep. 19, 2023",DWCS 7.7,,Greg Velasco,win,1,,,,,,,,,,,,,,,,,,,,,,,,
Brando Pericic,http://www.ufcstats.com/fighter-details/d0fd0d9ee560dae7,12.91,64,3.23,55,0.00,0,80,0.0,2,"Mar. 21, 2026",UFC Fight Night: Evloev vs. Murphy,KO/TKO,Louie Sutherland,win,1,"Sep. 27, 2025",UFC Fight Night: Ulberg vs. Reyes,KO/TKO,Elisha Ellison,win,1,,,,,,,,,,,,,,,,,,,,,,,,,,,,,,,,,,,,,,,,,,,,,,,,
Tai Tuivasa,http://www.ufcstats.com/fighter-details/c62fbc117d57b943,3.66,48,4.97,43,0.00,0,60,0.0,17,"Jan. 31, 2026",UFC 325: Volkanovski vs. Lopes 2,,Tallison Teixeira,loss,3,"Aug. 17, 2024",UFC 305: Du Plessis vs. Adesanya,,Jairzinho Rozenstruik,loss,3,"Mar. 16, 2024",UFC Fight Night: Tuivasa vs. Tybura,,Marcin Tybura,loss,1,"Sep. 09, 2023",UFC 293: Adesanya vs. Strickland,,Alexander Volkov,loss,2,"Dec. 03, 2022",UFC Fight Night: Thompson vs. Holland,KO/TKO,Sergei Pavlovich,loss,1,"Sep. 03, 2022",UFC Fight Night: Gane vs. Tuivasa,KO/TKO,Ciryl Gane,loss,3,"Feb. 12, 2022",UFC 271: Adesanya vs. Whittaker 2,KO/TKO,Derrick Lewis,win,2,"Dec. 11, 2021",UFC 269: Oliveira vs. Poirier,KO/TKO,Augusto Sakai,win,2,"Jul. 10, 2021",UFC 264: Poirier vs. McGregor 3,KO/TKO,Greg Hardy,win,1,"Mar. 20, 2021",UFC Fight Night: Brunson vs. Holland,KO/TKO,Harry Hunsucker,win,1
Louie Sutherland,http://www.ufcstats.com/fighter-details/cdb7b38b1b357f26,3.75,52,7.50,22,4.69,33,0,0.0,2,"Mar. 21, 2026",UFC Fight Night: Evloev vs. Murphy,KO/TKO,Brando Pericic,loss,1,"Oct. 25, 2025",UFC 321: Aspinall vs. Gane,,Valter Walker,loss,1,,,,,,,,,,,,,,,,,,,,,,,,,,,,,,,,,,,,,,,,,,,,,,,,
Cam Rowston,http://www.ufcstats.com/fighter-details/8ebc3a8da015d70c,4.26,46,2.62,51,0.50,50,33,0.5,4,"Jan. 31, 2026",UFC 325: Volkanovski vs. Lopes 2,KO/TKO,Cody Brundage,win,2,"Sep. 27, 2025",UFC Fight Night: Ulberg vs. Reyes,KO/TKO,Andre Petroski,win,1,"Aug. 19, 2025",DWCS 9.2,KO/TKO,Brandon Holmes,win,1,"Aug. 20, 2024",DWCS 8.2,,Torrez Finney,loss,3,,,,,,,,,,,,,,,,,,,,,,,,,,,,,,,,,,,,
Robert Bryczek,http://www.ufcstats.com/fighter-details/f96856f9d69fd7e4,3.74,36,4.08,59,0.56,100,85,0.0,2,"Sep. 06, 2025",UFC Fight Night: Imavov vs. Borralho,KO/TKO,Brad Tavares,win,3,"Feb. 10, 2024",UFC Fight Night: Hermansson vs. Pyfer,,Ihor Potieria,loss,3,,,,,,,,,,,,,,,,,,,,,,,,,,,,,,,,,,,,,,,,,,,,,,,,
Junior Tafa,http://www.ufcstats.com/fighter-details/c15fa95b9a12fde4,3.41,51,2.55,51,0.00,0,70,0.0,7,"Jan. 31, 2026",UFC 325: Volkanovski vs. Lopes 2,,Billy Elekana,loss,2,"Jul. 12, 2025",UFC Fight Night: Lewis vs. Teixeira,,Tuco Tokkos,loss,2,"Oct. 12, 2024",UFC Fight Night: Royval vs. Taira,KO/TKO,Sean Sharaf,win,2,"Aug. 17, 2024",UFC 305: Du Plessis vs. Adesanya,,Valter Walker,loss,1,"Feb. 17, 2024",UFC 298: Volkanovski vs. Topuria,KO/TKO,Marcos Rogerio de Lima,loss,2,"Aug. 26, 2023",UFC Fight Night: Holloway vs. The Korean Zombie,KO/TKO,Parker Porter,win,1,"Apr. 22, 2023",UFC Fight Night: Pavlovich vs. Blaydes,,Mohammed Usman,loss,3,,,,,,,,,,,,,,,,,,
Kevin Christian,http://www.ufcstats.com/fighter-details/7e9b36a9847db116,1.64,56,2.65,44,0.00,0,50,2.3,2,"Nov. 01, 2025",UFC Fight Night: Garcia vs. Onama,,Billy Elekana,loss,1,"Sep. 24, 2024",DWCS 8.7,,Francesco Mazzeo,win,2,,,,,,,,,,,,,,,,,,,,,,,,,,,,,,,,,,,,,,,,,,,,,,,,
Jacob Malkoun,http://www.ufcstats.com/fighter-details/d4270315cbcf2569,4.55,58,2.36,55,5.81,40,33,0.9,8,"Jan. 31, 2026",UFC 325: Volkanovski vs. Lopes 2,,Torrez Finney,win,3,"Mar. 30, 2024",UFC Fight Night: Blanchfield vs. Fiorot,KO/TKO,Andre Petroski,win,2,"Sep. 23, 2023",UFC Fight Night: Fiziev vs. Gamrot,DQ,Cody Brundage,loss,1,"Oct. 15, 2022",UFC Fight Night: Grasso vs. Araujo,,Nick Maximov,win,3,"Jun. 11, 2022",UFC 275: Teixeira vs. Prochazka,,Brendan Allen,loss,3,"Feb. 12, 2022",UFC 271: Adesanya vs. Whittaker 2,,AJ Dobson,win,3,"Apr. 17, 2021",UFC Fight Night: Whittaker vs. Gastelum,,Abdul Razak Alhassan,win,3,"Oct. 24, 2020",UFC 254: Khabib vs. Gaethje,KO/TKO,Phil Hawes,loss,1,,,,,,,,,,,,
Gerald Meerschaert,http://www.ufcstats.com/fighter-details/6ac9bc2953c47345,3.01,45,3.52,53,1.82,30,42,1.4,25,"Nov. 15, 2025",UFC 322: Della Maddalena vs. Makhachev,,Kyle Daukaus,loss,1,"Aug. 16, 2025",UFC 319: Du Plessis vs. Chimaev,KO/TKO,Michal Oleksiejczuk,loss,1,"Apr. 05, 2025",UFC Fight Night: Emmett vs. Murphy,,Brad Tavares,loss,3,"Nov. 09, 2024",UFC Fight Night: Magny vs. Prates,,Reinier de Ridder,loss,3,"Aug. 24, 2024",UFC Fight Night: Cannonier vs. Borralho,,Edmen Shahbazyan,win,2,"Mar. 16, 2024",UFC Fight Night: Tuivasa vs. Tybura,,Bryan Barberena,win,2,"Aug. 19, 2023",UFC 292: Sterling vs. O'Malley,,Andre Petroski,loss,3,"Apr. 08, 2023",UFC 287: Pereira vs. Adesanya 2,KO/TKO,Joe Pyfer,loss,1,"Aug. 13, 2022",UFC Fight Night: Vera vs. Cruz,,Bruno Silva,win,3,"Apr. 30, 2022",UFC Fight Night: Font vs. Vera,,Krzysztof Jotko,loss,3
Colby Thicknesse,http://www.ufcstats.com/fighter-details/ed7d329d7c29428d,3.33,42,2.80,50,1.00,9,50,0.5,2,"Sep. 27, 2025",UFC Fight Night: Ulberg vs. Reyes,,Josias Musasa,win,3,"Feb. 08, 2025",UFC 312: Du Plessis vs. Strickland 2,,Aleksandre Topuria,loss,3,,,,,,,,,,,,,,,,,,,,,,,,,,,,,,,,,,,,,,,,,,,,,,,,
Vince Morales,http://www.ufcstats.com/fighter-details/37098a6e6c27fb66,3.57,37,4.00,53,0.59,40,58,0.5,12,"Mar. 29, 2025",UFC Fight Night: Moreno vs. Erceg,,Raul Rosas Jr.,loss,3,"Feb. 15, 2025",UFC Fight Night: Cannonier vs. Rodrigues,,Elijah Smith,loss,3,"Sep. 28, 2024",UFC Fight Night: Moicano vs. Saint Denis,,Taylor Lapilus,loss,3,"Nov. 19, 2022",UFC Fight Night: Nzechukwu vs. Cutelaba,,Miles Johns,loss,3,"May. 21, 2022",UFC Fight Night: Holm vs. Vieira,,Jonathan Martinez,loss,3,"Dec. 04, 2021",UFC Fight Night: Font vs. Aldo,KO/TKO,Louis Smolka,win,1,"Aug. 07, 2021",UFC 265: Lewis vs. Gane,,Drako Rodriguez,win,3,"May. 30, 2020",UFC Fight Night: Woodley vs. Burns,KO/TKO,Chris Gutierrez,loss,2,"Jul. 13, 2019",UFC Fight Night: De Randamie vs. Ladd,,Benito Lopez,loss,3,"May. 04, 2019",UFC Fight Night: Iaquinta vs. Cowboy,,Aiemann Zahabi,win,3
Ben Johnston,http://www.ufcstats.com/fighter-details/3261aa79bf6caa64,0.00,0,0.00,0,0.00,0,0,0.0,0,,,,,,,,,,,,,,,,,,,,,,,,,,,,,,,,,,,,,,,,,,,,,,,,,,,,,,,,,,,,
Wes Schultz,http://www.ufcstats.com/fighter-details/b4443fae47e7eb9d,4.60,43,4.97,45,4.52,25,0,1.1,3,"Feb. 28, 2026",UFC Fight Night: Moreno vs. Kavanagh,KO/TKO,Damian Pinas,loss,1,"Oct. 14, 2025",DWCS 9.10,,Mario Mingaj,win,1,"Aug. 13, 2024",DWCS 8.1,KO/TKO,Mansur Abdul-Malik,loss,2,,,,,,,,,,,,,,,,,,,,,,,,,,,,,,,,,,,,,,,,,,
Jonathan Micallef,http://www.ufcstats.com/fighter-details/f782f953bfe7b5f2,3.96,41,4.22,56,1.13,66,75,1.1,3,"Jan. 31, 2026",UFC 325: Volkanovski vs. Lopes 2,,Oban Elliott,win,2,"Feb. 08, 2025",UFC 312: Du Plessis vs. Strickland 2,,Kevin Jousset,win,3,"Oct. 15, 2024",DWCS 8.10,,Mohamed Ado,win,1,,,,,,,,,,,,,,,,,,,,,,,,,,,,,,,,,,,,,,,,,,
Themba Gorimbo,http://www.ufcstats.com/fighter-details/40f3cb27fc7305a1,2.72,60,1.32,51,5.07,65,72,0.4,7,"Nov. 01, 2025",UFC Fight Night: Garcia vs. Onama,,Jeremiah Wells,loss,3,"Dec. 07, 2024",UFC 310: Pantoja vs. Asakura,,Vicente Luque,loss,1,"Oct. 12, 2024",UFC Fight Night: Royval vs. Taira,,Niko Price,win,3,"May. 18, 2024",UFC Fight Night: Barboza vs. Murphy,,Ramiz Brahimaj,win,3,"Feb. 03, 2024",UFC Fight Night: Dolidze vs. Imavov,KO/TKO,Pete Rodriguez,win,1,"May. 20, 2023",UFC Fight Night: Dern vs. Hill,,Takashi Sato,win,3,"Feb. 18, 2023",UFC Fight Night: Andrade vs. Blanchfield,,AJ Fletcher,loss,2,,,,,,,,,,,,,,,,,,
Dom Mar Fan,http://www.ufcstats.com/fighter-details/530af2900b5a1693,3.71,56,2.49,44,2.00,50,66,0.3,3,"Jan. 31, 2026",UFC 325: Volkanovski vs. Lopes 2,,Sangwook Kim,win,3,"Aug. 22, 2025",Road to UFC 4.5 + 4.6,,JaeHyun Park,win,3,"May. 23, 2025",Road to UFC 4.3 + 4.4,,Yuji Ephoevi-Ga,win,3,,,,,,,,,,,,,,,,,,,,,,,,,,,,,,,,,,,,,,,,,,
Kody Steele,http://www.ufcstats.com/fighter-details/aebaa8cec15b083d,4.44,32,7.17,52,0.62,14,100,0.0,2,"Feb. 08, 2025",UFC 312: Du Plessis vs. Strickland 2,,Rongzhu,loss,3,"Oct. 08, 2024",DWCS 8.9,KO/TKO,Chasen Blair,win,2,,,,,,,,,,,,,,,,,,,,,,,,,,,,,,,,,,,,,,,,,,,,,,,,
Khamzat Chimaev,http://www.ufcstats.com/fighter-details/767755fd74662dbf,4.04,60,2.32,43,5.29,55,85,1.8,9,"Aug. 16, 2025",UFC 319: Du Plessis vs. Chimaev,,Dricus Du Plessis,win,5,"Oct. 26, 2024",UFC 308: Topuria vs. Holloway,,Robert Whittaker,win,1,"Oct. 21, 2023",UFC 294: Makhachev vs. Volkanovski 2,,Kamaru Usman,win,3,"Sep. 10, 2022",UFC 279: Diaz vs. Ferguson,,Kevin Holland,win,1,"Apr. 09, 2022",UFC 273: Volkanovski vs. The Korean Zombie,,Gilbert Burns,win,3,"Oct. 30, 2021",UFC 267: Blachowicz vs. Teixeira,,Li Jingliang,win,1,"Sep. 19, 2020",UFC Fight Night: Covington vs. Woodley,KO/TKO,Gerald Meerschaert,win,1,"Jul. 25, 2020",UFC Fight Night: Whittaker vs. Till,KO/TKO,Rhys McKee,win,1,"Jul. 15, 2020",UFC Fight Night: Kattar vs. Ige,,John Phillips,win,2,,,,,,
Sean Strickland,http://www.ufcstats.com/fighter-details/0d8011111be000b2,6.04,42,4.57,60,0.71,64,76,0.2,24,"Feb. 21, 2026",UFC Fight Night: Strickland vs. Hernandez,KO/TKO,Anthony Hernandez,win,3,"Feb. 08, 2025",UFC 312: Du Plessis vs. Strickland 2,,Dricus Du Plessis,loss,5,"Jun. 01, 2024",UFC 302: Makhachev vs. Poirier,,Paulo Costa,win,5,"Jan. 20, 2024",UFC 297: Strickland vs. Du Plessis,,Dricus Du Plessis,loss,5,"Sep. 09, 2023",UFC 293: Adesanya vs. Strickland,,Israel Adesanya,win,5,"Jul. 01, 2023",UFC Fight Night: Strickland vs. Magomedov,KO/TKO,Abus Magomedov,win,2,"Jan. 14, 2023",UFC Fight Night: Strickland vs. Imavov,,Nassourdine Imavov,win,5,"Dec. 17, 2022",UFC Fight Night: Cannonier vs. Strickland,,Jared Cannonier,loss,5,"Jul. 02, 2022",UFC 276: Adesanya vs. Cannonier,KO/TKO,Alex Pereira,loss,1,"Feb. 05, 2022",UFC Fight Night: Hermansson vs. Strickland,,Jack Hermansson,win,5
Joshua Van,http://www.ufcstats.com/fighter-details/17e97649403ba428,8.84,56,6.39,57,0.84,63,81,0.0,10,"Dec. 06, 2025",UFC 323: Dvalishvili vs. Yan 2,KO/TKO,Alexandre Pantoja,win,1,"Jun. 28, 2025",UFC 317: Topuria vs. Oliveira,,Brandon Royval,win,3,"Jun. 07, 2025",UFC 316: Dvalishvili vs. O'Malley 2,KO/TKO,Bruno Silva,win,3,"Mar. 08, 2025",UFC 313: Pereira vs. Ankalaev,,Rei Tsuruya,win,3,"Dec. 07, 2024",UFC 310: Pantoja vs. Asakura,,Cody Durden,win,3,"Sep. 14, 2024",UFC 306: Riyadh Season Noche UFC,,Edgar Chairez,win,3,"Jul. 13, 2024",UFC Fight Night: Namajunas vs. Cortez,KO/TKO,Charles Johnson,loss,3,"Jan. 13, 2024",UFC Fight Night: Ankalaev vs. Walker 2,KO/TKO,Felipe Bunes,win,2,"Nov. 11, 2023",UFC 295: Prochazka vs. Pereira,,Kevin Borjas,win,3,"Jun. 24, 2023",UFC Fight Night: Emmett vs. Topuria,,Zhalgas Zhumagulov,win,3
Tatsuro Taira,http://www.ufcstats.com/fighter-details/4461d7e47375a895,2.94,60,2.44,47,3.12,46,45,1.6,9,"Dec. 06, 2025",UFC 323: Dvalishvili vs. Yan 2,KO/TKO,Brandon Moreno,win,2,"Aug. 02, 2025",UFC Fight Night: Taira vs. Park,,HyunSung Park,win,2,"Oct. 12, 2024",UFC Fight Night: Royval vs. Taira,,Brandon Royval,loss,5,"Jun. 15, 2024",UFC Fight Night: Perez vs. Taira,KO/TKO,Alex Perez,win,2,"Dec. 09, 2023",UFC Fight Night: Song vs. Gutierrez,KO/TKO,Carlos Hernandez,win,2,"Jul. 08, 2023",UFC 290: Volkanovski vs. Rodriguez,,Edgar Chairez,win,3,"Feb. 04, 2023",UFC Fight Night: Lewis vs. Spivac,,Jesus Aguilar,win,1,"Oct. 15, 2022",UFC Fight Night: Grasso vs. Araujo,,CJ Vergara,win,2,"May. 14, 2022",UFC Fight Night: Blachowicz vs. Rakic,,Carlos Candelario,win,3,,,,,,
Alexander Volkov,http://www.ufcstats.com/fighter-details/279566840aa55bf2,4.78,57,2.86,53,0.57,66,68,0.2,18,"Oct. 25, 2025",UFC 321: Aspinall vs. Gane,,Jailton Almeida,win,3,"Dec. 07, 2024",UFC 310: Pantoja vs. Asakura,,Ciryl Gane,loss,3,"Jun. 22, 2024",UFC Fight Night: Whittaker vs. Aliskerov,,Sergei Pavlovich,win,3,"Sep. 09, 2023",UFC 293: Adesanya vs. Strickland,,Tai Tuivasa,win,2,"Mar. 11, 2023",UFC Fight Night: Yan vs. Dvalishvili,KO/TKO,Alexandr Romanov,win,1,"Jun. 04, 2022",UFC Fight Night: Volkov vs. Rozenstruik,KO/TKO,Jairzinho Rozenstruik,win,1,"Mar. 19, 2022",UFC Fight Night: Volkov vs. Aspinall,,Tom Aspinall,loss,1,"Oct. 30, 2021",UFC 267: Blachowicz vs. Teixeira,,Marcin Tybura,win,3,"Jun. 26, 2021",UFC Fight Night: Gane vs. Volkov,,Ciryl Gane,loss,5,"Feb. 06, 2021",UFC Fight Night: Overeem vs. Volkov,KO/TKO,Alistair Overeem,win,2
Waldo Cortes Acosta,http://www.ufcstats.com/fighter-details/fc08099550072fe4,5.54,49,3.38,56,0.44,57,72,0.1,13,"Jan. 24, 2026",UFC 324: Gaethje vs. Pimblett,KO/TKO,Derrick Lewis,win,2,"Nov. 22, 2025",UFC Fight Night: Tsarukyan vs. Hooker,KO/TKO,Shamil Gaziev,win,1,"Nov. 01, 2025",UFC Fight Night: Garcia vs. Onama,KO/TKO,Ante Delija,win,1,"Aug. 23, 2025",UFC Fight Night: Walker vs. Zhang,,Sergei Pavlovich,loss,3,"Jun. 07, 2025",UFC 316: Dvalishvili vs. O'Malley 2,,Serghei Spivac,win,3,"Mar. 15, 2025",UFC Fight Night: Vettori vs. Dolidze 2,KO/TKO,Ryan Spann,win,2,"May. 11, 2024",UFC Fight Night: Lewis vs. Nascimento,,Robelis Despaigne,win,3,"Jan. 13, 2024",UFC Fight Night: Ankalaev vs. Walker 2,,Andrei Arlovski,win,3,"Aug. 26, 2023",UFC Fight Night: Holloway vs. The Korean Zombie,KO/TKO,Lukasz Brzeski,win,1,"Apr. 29, 2023",UFC Fight Night: Song vs. Simon,,Marcos Rogerio de Lima,loss,3
Sean Brady,http://www.ufcstats.com/fighter-details/45f7cb591c3ab00b,3.96,55,3.05,59,3.53,53,86,0.9,10,"Nov. 15, 2025",UFC 322: Della Maddalena vs. Makhachev,KO/TKO,Michael Morales,loss,1,"Mar. 22, 2025",UFC Fight Night: Edwards vs. Brady,,Leon Edwards,win,4,"Sep. 07, 2024",UFC Fight Night: Burns vs. Brady,,Gilbert Burns,win,5,"Dec. 02, 2023",UFC Fight Night: Dariush vs. Tsarukyan,,Kelvin Gastelum,win,3,"Oct. 22, 2022",UFC 280: Oliveira vs. Makhachev,KO/TKO,Belal Muhammad,loss,2,"Nov. 20, 2021",UFC Fight Night: Vieira vs. Tate,,Michael Chiesa,win,3,"Mar. 06, 2021",UFC 259: Blachowicz vs. Adesanya,,Jake Matthews,win,3,"Aug. 29, 2020",UFC Fight Night: Smith vs. Rakic,,Christian Aguilera,win,2,"Feb. 29, 2020",UFC Fight Night: Benavidez vs. Figueiredo,,Ismail Naurdiev,win,3,"Oct. 18, 2019",UFC Fight Night: Reyes vs. Weidman,,Court McGee,win,3
Joaquin Buckley,http://www.ufcstats.com/fighter-details/b9437600497350f3,3.88,36,2.93,59,1.54,45,72,0.1,16,"Jun. 14, 2025",UFC Fight Night: Usman vs. Buckley,,Kamaru Usman,loss,5,"Dec. 14, 2024",UFC Fight Night: Covington vs. Buckley,KO/TKO,Colby Covington,win,3,"Oct. 05, 2024",UFC 307: Pereira vs. Rountree Jr.,KO/TKO,Stephen Thompson,win,3,"May. 11, 2024",UFC Fight Night: Lewis vs. Nascimento,,Nursulton Ruziboev,win,3,"Mar. 30, 2024",UFC Fight Night: Blanchfield vs. Fiorot,KO/TKO,Vicente Luque,win,2,"Oct. 07, 2023",UFC Fight Night: Dawson vs. Green,,Alex Morono,win,3,"May. 20, 2023",UFC Fight Night: Dern vs. Hill,KO/TKO,Andre Fialho,win,2,"Dec. 10, 2022",UFC 282: Blachowicz vs. Ankalaev,KO/TKO,Chris Curtis,loss,2,"Sep. 03, 2022",UFC Fight Night: Gane vs. Tuivasa,,Nassourdine Imavov,loss,3,"Jun. 18, 2022",UFC Fight Night: Kattar vs. Emmett,KO/TKO,Albert Duraev,win,2
King Green,http://www.ufcstats.com/fighter-details/887961364be5ceb3,6.38,53,3.58,62,1.31,42,72,0.3,35,"Feb. 28, 2026",UFC Fight Night: Moreno vs. Kavanagh,KO/TKO,Daniel Zellhuber,win,2,"Dec. 13, 2025",UFC Fight Night: Royval vs. Kape,,Lance Gibson Jr.,win,3,"Mar. 08, 2025",UFC 313: Pereira vs. Ankalaev,KO/TKO,Mauricio Ruffy,loss,1,"Jul. 27, 2024",UFC 304: Edwards vs. Muhammad 2,,Paddy Pimblett,loss,1,"Apr. 13, 2024",UFC 300: Pereira vs. Hill,,Jim Miller,win,3,"Dec. 02, 2023",UFC Fight Night: Dariush vs. Tsarukyan,KO/TKO,Jalin Turner,loss,1,"Oct. 07, 2023",UFC Fight Night: Dawson vs. Green,KO/TKO,Grant Dawson,win,1,"Jul. 29, 2023",UFC 291: Poirier vs. Gaethje 2,,Tony Ferguson,win,3,"Apr. 22, 2023",UFC Fight Night: Pavlovich vs. Blaydes,,Jared Gordon,nc,1,"Dec. 17, 2022",UFC Fight Night: Cannonier vs. Strickland,KO/TKO,Drew Dober,loss,2
Jeremy Stephens,http://www.ufcstats.com/fighter-details/18968f97ad34f15c,3.15,40,3.14,58,1.11,38,62,0.4,35,"May. 03, 2025",UFC Fight Night: Sandhagen vs. Figueiredo,,Mason Jones,loss,3,"Jul. 17, 2021",UFC Fight Night: Makhachev vs. Moises,,Mateusz Gamrot,loss,1,"May. 09, 2020",UFC 249: Ferguson vs. Gaethje,KO/TKO,Calvin Kattar,loss,2,"Oct. 18, 2019",UFC Fight Night: Reyes vs. Weidman,,Yair Rodriguez,loss,3,"Sep. 21, 2019",UFC Fight Night: Rodriguez vs. Stephens,,Yair Rodriguez,nc,1,"Mar. 02, 2019",UFC 235: Jones vs. Smith,,Zabit Magomedsharipov,loss,3,"Jul. 28, 2018",UFC Fight Night: Alvarez vs. Poirier 2,KO/TKO,Jose Aldo,loss,1,"Feb. 24, 2018",UFC Fight Night: Emmett vs. Stephens,KO/TKO,Josh Emmett,win,2,"Jan. 14, 2018",UFC Fight Night: Stephens vs. Choi,KO/TKO,Dooho Choi,win,2,"Sep. 09, 2017",UFC 215: Nunes vs Shevchenko 2,,Gilbert Melendez,win,3
Ateba Gautier,http://www.ufcstats.com/fighter-details/2f815ed5f8278ba6,4.44,48,2.93,52,0.49,100,92,0.0,5,"Jan. 24, 2026",UFC 324: Gaethje vs. Pimblett,,Andrey Pulyaev,win,3,"Oct. 04, 2025",UFC 320: Ankalaev vs. Pereira 2,KO/TKO,Tre'ston Vines,win,1,"Jul. 19, 2025",UFC 318: Holloway vs. Poirier 3,KO/TKO,Robert Valentin,win,1,"Mar. 29, 2025",UFC Fight Night: Moreno vs. Erceg,KO/TKO,Jose Daniel Medina,win,1,"Sep. 17, 2024",DWCS 8.6,KO/TKO,Yura Naito,win,2,,,,,,,,,,,,,,,,,,,,,,,,,,,,,,
Ozzy Diaz,http://www.ufcstats.com/fighter-details/6967153c7edb4d87,6.44,50,7.23,59,0.00,0,50,0.0,3,"Mar. 08, 2025",UFC 313: Pereira vs. Ankalaev,,Djorden Santos,win,3,"Nov. 23, 2024",UFC Fight Night: Yan vs. Figueiredo,KO/TKO,Zhang Mingyang,loss,1,"Jul. 26, 2022",DWCS 6.1,KO/TKO,Joe Pyfer,loss,2,,,,,,,,,,,,,,,,,,,,,,,,,,,,,,,,,,,,,,,,,,
Joel Alvarez,http://www.ufcstats.com/fighter-details/58bbef3770bb2dfc,4.78,55,3.07,54,0.19,33,47,1.1,10,"Oct. 11, 2025",UFC Fight Night: Oliveira vs. Gamrot,,Vicente Luque,win,3,"Dec. 14, 2024",UFC Fight Night: Covington vs. Buckley,KO/TKO,Drakkar Klose,win,1,"Aug. 03, 2024",UFC Fight Night: Sandhagen vs. Nurmagomedov,KO/TKO,Elves Brener,win,3,"Jul. 22, 2023",UFC Fight Night: Aspinall vs. Tybura,,Marc Diakiese,win,2,"Feb. 26, 2022",UFC Fight Night: Makhachev vs. Green,KO/TKO,Arman Tsarukyan,loss,2,"Nov. 13, 2021",UFC Fight Night: Holloway vs. Rodriguez,KO/TKO,Thiago Moises,win,1,"Oct. 24, 2020",UFC 254: Khabib vs. Gaethje,,Alexander Yakovlev,win,1,"Jul. 18, 2020",UFC Fight Night: Figueiredo vs. Benavidez 2,,Joe Duffy,win,1,"Jun. 01, 2019",UFC Fight Night: Gustafsson vs. Smith,KO/TKO,Danilo Belluardo,win,2,"Feb. 23, 2019",UFC Fight Night: Blachowicz vs. Santos,,Damir Ismagulov,loss,3
Yaroslav Amosov,http://www.ufcstats.com/fighter-details/f139d6836efd43dd,2.78,47,1.55,54,4.64,50,0,4.6,1,"Dec. 13, 2025",UFC Fight Night: Royval vs. Kape,,Neil Magny,win,1,,,,,,,,,,,,,,,,,,,,,,,,,,,,,,,,,,,,,,,,,,,,,,,,,,,,,,
Grant Dawson,http://www.ufcstats.com/fighter-details/99bd51917728c25d,3.21,52,2.13,44,3.81,39,57,1.1,15,"Dec. 06, 2025",UFC 323: Dvalishvili vs. Yan 2,KO/TKO,Manuel Torres,loss,1,"Jan. 18, 2025",UFC 311: Makhachev vs. Moicano,,Diego Ferreira,win,3,"Oct. 12, 2024",UFC Fight Night: Royval vs. Taira,KO/TKO,Rafa Garcia,win,2,"Jun. 01, 2024",UFC 302: Makhachev vs. Poirier,,Joe Solecki,win,3,"Oct. 07, 2023",UFC Fight Night: Dawson vs. Green,KO/TKO,King Green,loss,1,"Jul. 01, 2023",UFC Fight Night: Strickland vs. Magomedov,,Damir Ismagulov,win,3,"Nov. 05, 2022",UFC Fight Night: Rodriguez vs. Lemos,,Mark Madsen,win,3,"Apr. 30, 2022",UFC Fight Night: Font vs. Vera,,Jared Gordon,win,3,"Oct. 23, 2021",UFC Fight Night: Costa vs. Vettori,,Ricky Glenn,draw,3,"Mar. 20, 2021",UFC Fight Night: Brunson vs. Holland,KO/TKO,Leonardo Santos,win,3
Mateusz Rebecki,http://www.ufcstats.com/fighter-details/849c5d9979df5357,5.21,46,4.69,53,3.38,52,50,0.5,8,"Oct. 25, 2025",UFC 321: Aspinall vs. Gane,,Ludovit Klein,loss,3,"Aug. 02, 2025",UFC Fight Night: Taira vs. Park,,Chris Duncan,loss,3,"Oct. 26, 2024",UFC 308: Topuria vs. Holloway,,Myktybek Orolbai,win,3,"May. 11, 2024",UFC Fight Night: Lewis vs. Nascimento,KO/TKO,Diego Ferreira,loss,3,"Nov. 11, 2023",UFC 295: Prochazka vs. Pereira,,Roosevelt Roberts,win,1,"Jun. 24, 2023",UFC Fight Night: Emmett vs. Topuria,KO/TKO,Loik Radzhabov,win,2,"Jan. 14, 2023",UFC Fight Night: Strickland vs. Imavov,,Nick Fiore,win,3,"Aug. 30, 2022",DWCS 6.6,,Rodrigo Lidio,win,1,,,,,,,,,,,,
Jim Miller,http://www.ufcstats.com/fighter-details/d1941565abf50b16,2.92,42,3.44,56,1.50,45,48,1.7,46,"Apr. 12, 2025",UFC 314: Volkanovski vs. Lopes,,Chase Hooper,loss,3,"Nov. 16, 2024",UFC 309: Jones vs. Miocic,,Damon Jackson,win,1,"Apr. 13, 2024",UFC 300: Pereira vs. Hill,,King Green,loss,3,"Jan. 13, 2024",UFC Fight Night: Ankalaev vs. Walker 2,,Gabriel Benitez,win,3,"Jun. 03, 2023",UFC Fight Night: Kara-France vs. Albazi,KO/TKO,Jesse Butler,win,1,"Feb. 18, 2023",UFC Fight Night: Andrade vs. Blanchfield,,Alexander Hernandez,loss,3,"Jul. 02, 2022",UFC 276: Adesanya vs. Cannonier,,Donald Cerrone,win,2,"Feb. 19, 2022",UFC Fight Night: Walker vs. Hill,KO/TKO,Nikolas Motta,win,2,"Oct. 16, 2021",UFC Fight Night: Ladd vs. Dumont,KO/TKO,Erick Gonzalez,win,2,"Apr. 10, 2021",UFC Fight Night: Vettori vs. Holland,,Joe Solecki,loss,3
Jared Gordon,http://www.ufcstats.com/fighter-details/7026eca45f65377b,5.64,53,4.14,55,1.78,32,60,0.0,17,"Sep. 13, 2025",UFC Fight Night: Lopes vs. Silva,KO/TKO,Rafa Garcia,loss,3,"May. 17, 2025",UFC Fight Night: Burns vs. Morales,KO/TKO,Thiago Moises,win,1,"Jun. 22, 2024",UFC Fight Night: Whittaker vs. Aliskerov,,Nasrat Haqparast,loss,3,"Nov. 11, 2023",UFC 295: Prochazka vs. Pereira,KO/TKO,Mark Madsen,win,1,"Apr. 22, 2023",UFC Fight Night: Pavlovich vs. Blaydes,,King Green,nc,1,"Dec. 10, 2022",UFC 282: Blachowicz vs. Ankalaev,,Paddy Pimblett,loss,3,"Aug. 20, 2022",UFC 278: Usman vs. Edwards,,Leonardo Santos,win,3,"Apr. 30, 2022",UFC Fight Night: Font vs. Vera,,Grant Dawson,loss,3,"Oct. 02, 2021",UFC Fight Night: Santos vs. Walker,,Joe Solecki,win,3,"Feb. 20, 2021",UFC Fight Night: Blaydes vs. Lewis,,Danny Chavez,win,3
Roman Kopylov,http://www.ufcstats.com/fighter-details/9d83f6da776ff7d6,4.59,50,5.18,52,1.14,47,88,0.0,11,"Nov. 15, 2025",UFC 322: Della Maddalena vs. Makhachev,,Gregory Rodrigues,loss,3,"Jul. 19, 2025",UFC 318: Holloway vs. Poirier 3,,Paulo Costa,loss,3,"Jan. 11, 2025",UFC Fight Night: Dern vs. Ribas 2,KO/TKO,Chris Curtis,win,3,"Jun. 01, 2024",UFC 302: Makhachev vs. Poirier,,Cesar Almeida,win,3,"Feb. 17, 2024",UFC 298: Volkanovski vs. Topuria,,Anthony Hernandez,loss,2,"Sep. 16, 2023",UFC Fight Night: Grasso vs. Shevchenko 2,KO/TKO,Josh Fremd,win,2,"Jul. 29, 2023",UFC 291: Poirier vs. Gaethje 2,KO/TKO,Claudio Ribeiro,win,2,"Jan. 14, 2023",UFC Fight Night: Strickland vs. Imavov,KO/TKO,Punahele Soriano,win,2,"Sep. 03, 2022",UFC Fight Night: Gane vs. Tuivasa,KO/TKO,Alessio Di Chirico,win,3,"Oct. 30, 2021",UFC 267: Blachowicz vs. Teixeira,,Albert Duraev,loss,3
Marco Tulio,http://www.ufcstats.com/fighter-details/9384e71bca6c409d,6.69,58,2.58,59,1.42,26,0,0.3,5,"Nov. 08, 2025",UFC Fight Night: Bonfim vs. Brown,KO/TKO,Christian Leroy Duncan,loss,2,"Apr. 12, 2025",UFC 314: Volkanovski vs. Lopes,KO/TKO,Tresean Gore,win,2,"Jan. 11, 2025",UFC Fight Night: Dern vs. Ribas 2,KO/TKO,Ihor Potieria,win,1,"Aug. 27, 2024",DWCS 8.3,KO/TKO,Matthieu Duclos,win,2,"Aug. 29, 2023",DWCS 7.4,,Yousri Belgaroui,win,3,,,,,,,,,,,,,,,,,,,,,,,,,,,,,,
Pat Sabatini,http://www.ufcstats.com/fighter-details/b8bbdeff718dbb7d,1.69,59,1.09,50,4.48,50,50,1.5,10,"Nov. 15, 2025",UFC 322: Della Maddalena vs. Makhachev,,Chepe Mariscal,win,3,"Apr. 05, 2025",UFC Fight Night: Emmett vs. Murphy,,Joanderson Brito,win,3,"Oct. 12, 2024",UFC Fight Night: Royval vs. Taira,,Jonathan Pearce,win,1,"Nov. 11, 2023",UFC 295: Prochazka vs. Pereira,KO/TKO,Diego Lopes,loss,1,"Jun. 17, 2023",UFC Fight Night: Vettori vs. Cannonier,,Lucas Almeida,win,2,"Sep. 17, 2022",UFC Fight Night: Sandhagen vs. Song,KO/TKO,Damon Jackson,loss,1,"Apr. 16, 2022",UFC Fight Night: Luque vs. Muhammad,,TJ Laramie,win,3,"Nov. 20, 2021",UFC Fight Night: Vieira vs. Tate,,Tucker Lutz,win,3,"Aug. 28, 2021",UFC Fight Night: Barboza vs. Chikadze,,Jamall Emmers,win,1,"Apr. 24, 2021",UFC 261: Usman vs. Masvidal 2,,Tristan Connelly,win,3
William Gomis,http://www.ufcstats.com/fighter-details/e1d40e8782d80bc2,3.48,49,2.76,61,0.86,38,72,0.3,6,"Sep. 06, 2025",UFC Fight Night: Imavov vs. Borralho,,Robert Ruchala,win,3,"Mar. 01, 2025",UFC Fight Night: Kape vs. Almabayev,,Hyder Amil,loss,3,"Sep. 28, 2024",UFC Fight Night: Moicano vs. Saint Denis,,Joanderson Brito,win,3,"Sep. 02, 2023",UFC Fight Night: Gane vs. Spivac,KO/TKO,Yanis Ghemmouri,win,3,"Apr. 22, 2023",UFC Fight Night: Pavlovich vs. Blaydes,,Francis Marshall,win,3,"Sep. 03, 2022",UFC Fight Night: Gane vs. Tuivasa,,Jarno Errens,win,3,,,,,,,,,,,,,,,,,,,,,,,,
Baisangur Susurkaev,http://www.ufcstats.com/fighter-details/d1feea7a4bdcd503,4.56,59,3.78,53,2.76,28,100,0.7,3,"Nov. 15, 2025",UFC 322: Della Maddalena vs. Makhachev,KO/TKO,Eric McConico,win,3,"Aug. 16, 2025",UFC 319: Du Plessis vs. Chimaev,,Eric Nolan,win,2,"Aug. 12, 2025",DWCS 9.1,KO/TKO,Murtaza Talha,win,1,,,,,,,,,,,,,,,,,,,,,,,,,,,,,,,,,,,,,,,,,,
Djorden Santos,http://www.ufcstats.com/fighter-details/312f7d7b2b2f7de4,7.00,44,5.98,48,0.67,33,86,0.0,3,"Oct. 18, 2025",UFC Fight Night: De Ridder vs. Allen,,Danny Barlow,win,3,"Mar. 08, 2025",UFC 313: Pereira vs. Ankalaev,,Ozzy Diaz,loss,3,"Sep. 03, 2024",DWCS 8.4,,Will Currie,win,3,,,,,,,,,,,,,,,,,,,,,,,,,,,,,,,,,,,,,,,,,,
Clayton Carpenter,http://www.ufcstats.com/fighter-details/b62d5280966b2460,3.66,53,2.57,55,1.99,46,37,1.3,5,"Oct. 11, 2025",UFC Fight Night: Oliveira vs. Gamrot,,Jafel Filho,loss,1,"Jan. 18, 2025",UFC 311: Makhachev vs. Moicano,,Tagir Ulanbekov,loss,3,"Oct. 12, 2024",UFC Fight Night: Royval vs. Taira,,Lucas Rocha,win,2,"Feb. 18, 2023",UFC Fight Night: Andrade vs. Blanchfield,,Juancamilo Ronderos,win,1,"Aug. 09, 2022",DWCS 6.3,,Edgar Chairez,win,3,,,,,,,,,,,,,,,,,,,,,,,,,,,,,,
Jose Ochoa,http://www.ufcstats.com/fighter-details/88be62d6c1e6dadb,3.01,37,2.33,60,0.43,50,59,1.3,3,"Jul. 26, 2025",UFC Fight Night: Whittaker vs. De Ridder,,Asu Almabayev,loss,3,"Jun. 14, 2025",UFC Fight Night: Usman vs. Buckley,KO/TKO,Cody Durden,win,2,"Nov. 23, 2024",UFC Fight Night: Yan vs. Figueiredo,,Lone'er Kavanagh,loss,3,,,,,,,,,,,,,,,,,,,,,,,,,,,,,,,,,,,,,,,,,,
Arnold Allen,http://www.ufcstats.com/fighter-details/040a74bb0a465c54,3.47,42,3.04,60,0.86,47,71,0.3,14,"Jan. 24, 2026",UFC 324: Gaethje vs. Pimblett,,Jean Silva,loss,3,"Jul. 27, 2024",UFC 304: Edwards vs. Muhammad 2,,Giga Chikadze,win,3,"Jan. 20, 2024",UFC 297: Strickland vs. Du Plessis,,Movsar Evloev,loss,3,"Apr. 15, 2023",UFC Fight Night: Holloway vs. Allen,,Max Holloway,loss,5,"Oct. 29, 2022",UFC Fight Night: Kattar vs. Allen,KO/TKO,Calvin Kattar,win,2,"Mar. 19, 2022",UFC Fight Night: Volkov vs. Aspinall,KO/TKO,Dan Hooker,win,1,"Apr. 10, 2021",UFC Fight Night: Vettori vs. Holland,,Sodiq Yusuff,win,3,"Jan. 25, 2020",UFC Fight Night: Blaydes vs. Dos Santos,,Nik Lentz,win,3,"Jul. 06, 2019",UFC 239: Jones vs. Santos,,Gilbert Melendez,win,3,"Mar. 16, 2019",UFC Fight Night: Till vs. Masvidal,,Jordan Rinaldi,win,3
Melquizael Costa,http://www.ufcstats.com/fighter-details/20bccc9bb4ceb23e,4.38,49,2.97,54,2.00,40,58,1.1,9,"Feb. 21, 2026",UFC Fight Night: Strickland vs. Hernandez,KO/TKO,Dan Ige,win,1,"Dec. 13, 2025",UFC Fight Night: Royval vs. Kape,KO/TKO,Morgan Charriere,win,1,"May. 17, 2025",UFC Fight Night: Burns vs. Morales,,Julian Erosa,win,3,"Mar. 29, 2025",UFC Fight Night: Moreno vs. Erceg,,Christian Rodriguez,win,3,"Feb. 22, 2025",UFC Fight Night: Cejudo vs. Song,,Andre Fili,win,1,"Jun. 15, 2024",UFC Fight Night: Perez vs. Taira,,Shayilan Nuerdanbieke,win,3,"Dec. 09, 2023",UFC Fight Night: Song vs. Gutierrez,KO/TKO,Steve Garcia,loss,2,"Jul. 15, 2023",UFC Fight Night: Holm vs. Bueno Silva,,Austin Lingo,win,3,"Jan. 21, 2023",UFC 283: Teixeira vs. Hill,,Thiago Moises,loss,2,,,,,,
Dooho Choi,http://www.ufcstats.com/fighter-details/e93b04e308913c2e,4.67,56,4.02,56,1.43,53,47,0.6,9,"Dec. 07, 2024",UFC 310: Pantoja vs. Asakura,KO/TKO,Nate Landwehr,win,3,"Jul. 20, 2024",UFC Fight Night: Lemos vs. Jandiroba,KO/TKO,Bill Algeo,win,2,"Feb. 04, 2023",UFC Fight Night: Lewis vs. Spivac,,Kyle Nelson,draw,3,"Dec. 21, 2019",UFC Fight Night: Edgar vs. The Korean Zombie,KO/TKO,Charles Jourdain,loss,2,"Jan. 14, 2018",UFC Fight Night: Stephens vs. Choi,KO/TKO,Jeremy Stephens,loss,2,"Dec. 10, 2016",UFC 206: Holloway vs. Pettis,,Cub Swanson,loss,3,"Jul. 08, 2016",The Ultimate Fighter: Team Joanna vs. Team Cláudia Finale,KO/TKO,Thiago Tavares,win,1,"Nov. 28, 2015",UFC Fight Night: Henderson vs Masvidal,KO/TKO,Sam Sicilia,win,1,"Nov. 22, 2014",UFC Fight Night: Edgar vs Swanson,KO/TKO,Juan Manuel Puig,win,1,,,,,,
Daniel Santos,http://www.ufcstats.com/fighter-details/b67d6bacc68d4c92,4.76,40,5.03,51,3.01,40,73,0.0,5,"Oct. 04, 2025",UFC 320: Ankalaev vs. Pereira 2,KO/TKO,JooSang Yoo,win,2,"May. 10, 2025",UFC 315: Muhammad vs. Della Maddalena,,JeongYeong Lee,win,3,"Jun. 03, 2023",UFC Fight Night: Kara-France vs. Albazi,,Johnny Munoz,win,3,"Oct. 01, 2022",UFC Fight Night: Dern vs. Yan,KO/TKO,John Castaneda,win,2,"Apr. 09, 2022",UFC 273: Volkanovski vs. The Korean Zombie,,Julio Arce,loss,3,,,,,,,,,,,,,,,,,,,,,,,,,,,,,,
Malcolm Wellmaker,http://www.ufcstats.com/fighter-details/2e45d08b3f2f02c8,5.80,56,5.39,52,0.00,0,57,0.0,4,"Nov. 15, 2025",UFC 322: Della Maddalena vs. Makhachev,,Ethyn Ewing,loss,3,"Jun. 14, 2025",UFC Fight Night: Usman vs. Buckley,KO/TKO,Kris Moutinho,win,1,"Apr. 26, 2025",UFC Fight Night: Machado Garry vs. Prates,KO/TKO,Cameron Saaiman,win,1,"Aug. 27, 2024",DWCS 8.3,KO/TKO,Adam Bramhald,win,1,,,,,,,,,,,,,,,,,,,,,,,,,,,,,,,,,,,,
Juan Diaz,http://www.ufcstats.com/fighter-details/74939a16c7b56f33,5.82,39,5.02,60,3.01,33,0,0.0,1,"Oct. 14, 2025",DWCS 9.10,KO/TKO,Kwon Wonil,win,2,,,,,,,,,,,,,,,,,,,,,,,,,,,,,,,,,,,,,,,,,,,,,,,,,,,,,,
Modestas Bukauskas,http://www.ufcstats.com/fighter-details/476fe566d2df676e,3.24,42,4.05,50,0.26,66,79,0.1,12,"Jan. 24, 2026",UFC 324: Gaethje vs. Pimblett,KO/TKO,Nikita Krylov,loss,3,"Sep. 06, 2025",UFC Fight Night: Imavov vs. Borralho,KO/TKO,Paul Craig,win,1,"May. 10, 2025",UFC 315: Muhammad vs. Della Maddalena,,Ion Cutelaba,win,3,"Feb. 22, 2025",UFC Fight Night: Cejudo vs. Song,KO/TKO,Rafael Cerqueira,win,1,"Jul. 27, 2024",UFC 304: Edwards vs. Muhammad 2,,Marcin Prachnio,win,3,"Nov. 04, 2023",UFC Fight Night: Almeida vs. Lewis,KO/TKO,Vitor Petrino,loss,2,"Jun. 17, 2023",UFC Fight Night: Vettori vs. Cannonier,,Zac Pauga,win,3,"Feb. 11, 2023",UFC 284: Makhachev vs. Volkanovski,,Tyson Pedro,win,3,"Sep. 04, 2021",UFC Fight Night: Brunson vs. Till,KO/TKO,Khalil Rountree Jr.,loss,2,"Mar. 27, 2021",UFC 260: Miocic vs. Ngannou,,Michal Oleksiejczuk,loss,3
Rodolfo Bellato,http://www.ufcstats.com/fighter-details/69898645d600abdb,5.37,60,5.86,46,1.38,35,94,0.2,7,"Mar. 07, 2026",UFC 326: Holloway vs. Oliveira 2,KO/TKO,Luke Fernandez,win,1,"Sep. 27, 2025",UFC Fight Night: Ulberg vs. Reyes,,Navajo Stirling,loss,3,"Jun. 14, 2025",UFC Fight Night: Usman vs. Buckley,,Paul Craig,nc,1,"Feb. 08, 2025",UFC 312: Du Plessis vs. Strickland 2,,Jimmy Crute,draw,3,"Dec. 02, 2023",UFC Fight Night: Dariush vs. Tsarukyan,KO/TKO,Ihor Potieria,win,2,"Oct. 03, 2023",DWCS 7.9,KO/TKO,Murtaza Talha,win,2,"Sep. 06, 2022",DWCS 6.7,KO/TKO,Vitor Petrino,loss,2,,,,,,,,,,,,,,,,,,
Timmy Cuamba,http://www.ufcstats.com/fighter-details/0e46690e55a8df75,2.77,44,3.58,57,1.31,31,72,0.0,5,"Nov. 01, 2025",UFC Fight Night: Garcia vs. Onama,,ChangHo Lee,win,3,"Apr. 26, 2025",UFC Fight Night: Machado Garry vs. Prates,KO/TKO,Roberto Romero,win,2,"Jun. 15, 2024",UFC Fight Night: Perez vs. Taira,,Lucas Almeida,loss,3,"Feb. 10, 2024",UFC Fight Night: Hermansson vs. Pyfer,,Bolaji Oki,loss,3,"Aug. 29, 2023",DWCS 7.4,,Mateo Vogel,win,3,,,,,,,,,,,,,,,,,,,,,,,,,,,,,,
Benardo Sopaj,http://www.ufcstats.com/fighter-details/b6c37948cb226e8c,4.24,56,4.88,49,2.53,71,76,0.0,2,"Jan. 18, 2025",UFC 311: Makhachev vs. Moicano,,Ricky Turcios,win,3,"Mar. 02, 2024",UFC Fight Night: Rozenstruik vs. Gaziev,KO/TKO,Vinicius Oliveira,loss,3,,,,,,,,,,,,,,,,,,,,,,,,,,,,,,,,,,,,,,,,,,,,,,,,
Jeremiah Wells,http://www.ufcstats.com/fighter-details/d66a46de8d705353,2.35,46,1.28,48,3.06,46,50,1.3,7,"Nov. 01, 2025",UFC Fight Night: Garcia vs. Onama,,Themba Gorimbo,win,3,"Feb. 10, 2024",UFC Fight Night: Hermansson vs. Pyfer,,Max Griffin,loss,3,"Aug. 05, 2023",UFC Fight Night: Sandhagen vs. Font,,Carlston Harris,loss,3,"Apr. 22, 2023",UFC Fight Night: Pavlovich vs. Blaydes,,Matthew Semelsberger,win,3,"Jun. 18, 2022",UFC Fight Night: Kattar vs. Emmett,KO/TKO,Court McGee,win,1,"Feb. 12, 2022",UFC 271: Adesanya vs. Whittaker 2,,Blood Diamond,win,1,"Jun. 26, 2021",UFC Fight Night: Gane vs. Volkov,KO/TKO,Warlley Alves,win,2,,,,,,,,,,,,,,,,,,
Nicolas Dalby,http://www.ufcstats.com/fighter-details/9d19d9e4aa2662e8,3.88,43,3.51,52,0.90,26,59,0.1,15,"Nov. 22, 2025",UFC Fight Night: Tsarukyan vs. Hooker,,Saygid Izagakhmaev,win,3,"Apr. 26, 2025",UFC Fight Night: Machado Garry vs. Prates,KO/TKO,Randy Brown,loss,2,"Jun. 22, 2024",UFC Fight Night: Whittaker vs. Aliskerov,,Rinat Fakhretdinov,loss,3,"Nov. 04, 2023",UFC Fight Night: Almeida vs. Lewis,KO/TKO,Gabriel Bonfim,win,2,"Jun. 17, 2023",UFC Fight Night: Vettori vs. Cannonier,,Muslim Salikhov,win,3,"Jan. 21, 2023",UFC 283: Teixeira vs. Hill,,Warlley Alves,win,3,"Jul. 23, 2022",UFC Fight Night: Blaydes vs. Aspinall,,Claudio Silva,win,3,"Jun. 26, 2021",UFC Fight Night: Gane vs. Volkov,,Tim Means,loss,3,"Nov. 21, 2020",UFC 255: Figueiredo vs. Perez,,Daniel Rodriguez,win,3,"Jul. 25, 2020",UFC Fight Night: Whittaker vs. Till,,Jesse Ronson,nc,1
Tuco Tokkos,http://www.ufcstats.com/fighter-details/3e8118c1ab52f211,2.12,40,4.27,46,4.21,47,33,0.5,4,"Jul. 12, 2025",UFC Fight Night: Lewis vs. Teixeira,,Junior Tafa,win,2,"Dec. 14, 2024",UFC Fight Night: Covington vs. Buckley,,Navajo Stirling,loss,3,"May. 18, 2024",UFC Fight Night: Barboza vs. Murphy,,Oumar Sy,loss,1,"Jun. 09, 2022",Road to UFC 1.1,KO/TKO,Zhang Mingyang,loss,1,,,,,,,,,,,,,,,,,,,,,,,,,,,,,,,,,,,,
Ivan Erslan,http://www.ufcstats.com/fighter-details/64ad3e3b0efa30bb,2.55,46,5.01,53,0.45,20,61,0.0,3,"Sep. 27, 2025",UFC Fight Night: Ulberg vs. Reyes,,Jimmy Crute,loss,1,"May. 10, 2025",UFC 315: Muhammad vs. Della Maddalena,,Navajo Stirling,loss,3,"Sep. 28, 2024",UFC Fight Night: Moicano vs. Saint Denis,,Ion Cutelaba,loss,3,,,,,,,,,,,,,,,,,,,,,,,,,,,,,,,,,,,,,,,,,,
Trey Ogden,http://www.ufcstats.com/fighter-details/cfc3e7bb44685289,3.20,50,3.49,55,1.89,32,100,0.7,7,"Jan. 11, 2025",UFC Fight Night: Dern vs. Ribas 2,,Thiago Moises,loss,3,"Jul. 20, 2024",UFC Fight Night: Lemos vs. Jandiroba,,Loik Radzhabov,win,3,"Mar. 23, 2024",UFC Fight Night: Ribas vs. Namajunas,,Kurt Holobaugh,win,3,"Nov. 18, 2023",UFC Fight Night: Allen vs. Craig,,Nikolas Motta,nc,3,"Apr. 08, 2023",UFC 287: Pereira vs. Adesanya 2,,Ignacio Bahamondes,loss,3,"Sep. 17, 2022",UFC Fight Night: Sandhagen vs. Song,,Daniel Zellhuber,win,3,"Apr. 16, 2022",UFC Fight Night: Luque vs. Muhammad,,Jordan Leavitt,loss,3,,,,,,,,,,,,,,,,,,
Tommy Gantt,http://www.ufcstats.com/fighter-details/de83f920fd302871,1.08,100,0.36,66,10.78,40,0,5.4,1,"Sep. 16, 2025",DWCS 9.6,,Adam Livingston,win,1,,,,,,,,,,,,,,,,,,,,,,,,,,,,,,,,,,,,,,,,,,,,,,,,,,,,,,
Ketlen Vieira,http://www.ufcstats.com/fighter-details/b9706f80d005036c,2.76,40,3.75,50,1.33,44,90,0.6,14,"Nov. 01, 2025",UFC Fight Night: Garcia vs. Onama,,Norma Dumont,loss,3,"May. 31, 2025",UFC Fight Night: Blanchfield vs. Barber,,Macy Chiasson,win,3,"Oct. 05, 2024",UFC 307: Pereira vs. Rountree Jr.,,Kayla Harrison,loss,3,"Jul. 22, 2023",UFC Fight Night: Aspinall vs. Tybura,,Pannie Kianzad,win,3,"Jan. 14, 2023",UFC Fight Night: Strickland vs. Imavov,,Raquel Pennington,loss,3,"May. 21, 2022",UFC Fight Night: Holm vs. Vieira,,Holly Holm,win,5,"Nov. 20, 2021",UFC Fight Night: Vieira vs. Tate,,Miesha Tate,win,5,"Feb. 20, 2021",UFC Fight Night: Blaydes vs. Lewis,,Yana Santos,loss,3,"Sep. 26, 2020",UFC 253: Adesanya vs. Costa,,Sijara Eubanks,win,3,"Dec. 14, 2019",UFC 245: Usman vs. Covington,KO/TKO,Irene Aldana,loss,1
Jacqueline Cavalcanti,http://www.ufcstats.com/fighter-details/e3964ece586e0635,5.65,46,3.17,68,0.00,0,88,0.0,5,"Nov. 08, 2025",UFC Fight Night: Bonfim vs. Brown,,Mayra Bueno Silva,win,3,"Feb. 15, 2025",UFC Fight Night: Cannonier vs. Rodrigues,,Julia Avila,win,3,"Sep. 28, 2024",UFC Fight Night: Moicano vs. Saint Denis,,Nora Cornolle,win,3,"Aug. 24, 2024",UFC Fight Night: Cannonier vs. Borralho,,Josiane Nunes,win,3,"Sep. 02, 2023",UFC Fight Night: Gane vs. Spivac,,Zarah Fairn,win,3,,,,,,,,,,,,,,,,,,,,,,,,,,,,,,
Cody Brundage,http://www.ufcstats.com/fighter-details/f14f644d41ade29f,2.26,48,3.02,50,1.88,41,68,0.5,16,"Mar. 07, 2026",UFC 326: Holloway vs. Oliveira 2,,Donte Johnson,loss,3,"Jan. 31, 2026",UFC 325: Volkanovski vs. Lopes 2,KO/TKO,Cam Rowston,loss,2,"Aug. 09, 2025",UFC Fight Night: Dolidze vs. Hernandez,,Eric McConico,loss,3,"Jun. 14, 2025",UFC Fight Night: Usman vs. Buckley,,Mansur Abdul-Malik,draw,3,"Mar. 01, 2025",UFC Fight Night: Kape vs. Almabayev,KO/TKO,Julian Marquez,win,1,"Jul. 13, 2024",UFC Fight Night: Namajunas vs. Cortez,,Abdul Razak Alhassan,nc,1,"Apr. 13, 2024",UFC 300: Pereira vs. Hill,,Bo Nickal,loss,2,"Dec. 02, 2023",UFC Fight Night: Dariush vs. Tsarukyan,KO/TKO,Zach Reese,win,1,"Sep. 23, 2023",UFC Fight Night: Fiziev vs. Gamrot,DQ,Jacob Malkoun,win,1,"Jun. 24, 2023",UFC Fight Night: Emmett vs. Topuria,,Sedriques Dumas,loss,3
Andre Petroski,http://www.ufcstats.com/fighter-details/5f61780fe5e9b6d0,2.81,49,2.79,53,3.15,51,86,1.3,12,"Sep. 27, 2025",UFC Fight Night: Ulberg vs. Reyes,KO/TKO,Cam Rowston,loss,1,"Jun. 14, 2025",UFC Fight Night: Usman vs. Buckley,,Edmen Shahbazyan,loss,3,"Feb. 15, 2025",UFC Fight Night: Cannonier vs. Rodrigues,,Rodolfo Vieira,win,3,"Sep. 07, 2024",UFC Fight Night: Burns vs. Brady,,Dylan Budka,win,3,"Jul. 13, 2024",UFC Fight Night: Namajunas vs. Cortez,,Josh Fremd,win,3,"Mar. 30, 2024",UFC Fight Night: Blanchfield vs. Fiorot,KO/TKO,Jacob Malkoun,loss,2,"Oct. 14, 2023",UFC Fight Night: Yusuff vs. Barboza,KO/TKO,Michel Pereira,loss,1,"Aug. 19, 2023",UFC 292: Sterling vs. O'Malley,,Gerald Meerschaert,win,3,"Nov. 12, 2022",UFC 281: Adesanya vs. Pereira,,Wellington Turman,win,3,"May. 14, 2022",UFC Fight Night: Blachowicz vs. Rakic,,Nick Maximov,win,1
Alice Ardelean,http://www.ufcstats.com/fighter-details/87f8699fdcc2c404,7.35,45,5.20,62,1.00,44,85,0.0,4,"Nov. 01, 2025",UFC Fight Night: Garcia vs. Onama,,Montserrat Conejo Ruiz,win,3,"May. 31, 2025",UFC Fight Night: Blanchfield vs. Barber,,Rayanne dos Santos,win,3,"Oct. 19, 2024",UFC Fight Night: Hernandez vs. Pereira,,Melissa Martinez,loss,3,"Jul. 27, 2024",UFC 304: Edwards vs. Muhammad 2,,Shauna Bannon,loss,3,,,,,,,,,,,,,,,,,,,,,,,,,,,,,,,,,,,,
Polyana Viana,http://www.ufcstats.com/fighter-details/9673a497a9da119a,2.74,40,2.50,53,0.75,33,35,1.7,11,"Apr. 26, 2025",UFC Fight Night: Machado Garry vs. Prates,,Jaqueline Amorim,loss,2,"Jan. 20, 2024",UFC 297: Strickland vs. Du Plessis,KO/TKO,Gillian Robertson,loss,2,"Aug. 12, 2023",UFC Fight Night: Luque vs. Dos Anjos,,Iasmin Lucindo,loss,2,"Nov. 05, 2022",UFC Fight Night: Rodriguez vs. Lemos,KO/TKO,Jinh Yu Frey,win,1,"May. 21, 2022",UFC Fight Night: Holm vs. Vieira,,Tabatha Ricci,loss,3,"Feb. 13, 2021",UFC 258: Usman vs. Burns,,Mallory Martin,win,1,"Aug. 29, 2020",UFC Fight Night: Smith vs. Rakic,,Emily Whitmire,win,1,"Aug. 10, 2019",UFC Fight Night: Shevchenko vs. Carmouche 2,,Veronica Hardy,loss,1,"Mar. 02, 2019",UFC 235: Jones vs. Smith,,Hannah Cifers,loss,3,"Aug. 04, 2018",UFC 227: Dillashaw vs. Garbrandt 2,,JJ Aldrich,loss,3
Daniel Barez,http://www.ufcstats.com/fighter-details/e8fe9c15d348e778,3.65,49,5.95,50,1.93,28,80,0.6,4,"Mar. 15, 2025",UFC Fight Night: Vettori vs. Dolidze 2,,Andre Lima,loss,3,"Sep. 28, 2024",UFC Fight Night: Moicano vs. Saint Denis,,Victor Altamirano,win,3,"Jul. 22, 2023",UFC Fight Night: Aspinall vs. Tybura,,Jafel Filho,loss,1,"Oct. 05, 2021",DWCS 5.6,,Carlos Hernandez,loss,3,,,,,,,,,,,,,,,,,,,,,,,,,,,,,,,,,,,,
Luis Gurule,http://www.ufcstats.com/fighter-details/29162be25ebef5f0,4.47,40,4.74,59,0.58,14,58,0.0,4,"Feb. 21, 2026",UFC Fight Night: Strickland vs. Hernandez,,Alden Coria,loss,3,"Sep. 13, 2025",UFC Fight Night: Lopes vs. Silva,,Jesus Aguilar,loss,3,"Apr. 05, 2025",UFC Fight Night: Emmett vs. Murphy,KO/TKO,Ode Osbourne,loss,2,"Oct. 15, 2024",DWCS 8.10,,Nick Piccininni,win,3,,,,,,,,,,,,,,,,,,,,,,,,,,,,,,,,,,,,
Shauna Bannon,http://www.ufcstats.com/fighter-details/9c442aaf149ea982,4.32,43,3.75,45,0.00,0,40,0.7,4,"Sep. 06, 2025",UFC Fight Night: Imavov vs. Borralho,,Sam Hughes,loss,2,"Mar. 22, 2025",UFC Fight Night: Edwards vs. Brady,,Puja Tomar,win,2,"Jul. 27, 2024",UFC 304: Edwards vs. Muhammad 2,,Alice Ardelean,win,3,"Jul. 22, 2023",UFC Fight Night: Aspinall vs. Tybura,,Bruna Brasil,loss,3,,,,,,,,,,,,,,,,,,,,,,,,,,,,,,,,,,,,
Nicolle Caliari,http://www.ufcstats.com/fighter-details/fc0a4053eb8a3a59,3.46,38,7.01,53,2.88,24,0,1.0,3,"Jul. 19, 2025",UFC 318: Holloway vs. Poirier 3,KO/TKO,Carli Judice,loss,3,"Jan. 11, 2025",UFC Fight Night: Dern vs. Ribas 2,,Ernesta Kareckaite,loss,3,"Sep. 10, 2024",DWCS 8.5,,Corinne Laframboise,win,1,,,,,,,,,,,,,,,,,,,,,,,,,,,,,,,,,,,,,,,,,,
Song Yadong,http://www.ufcstats.com/fighter-details/efb96bf3e9ada36f,4.42,43,3.94,55,0.78,39,73,0.1,16,"Jan. 24, 2026",UFC 324: Gaethje vs. Pimblett,,Sean O'Malley,loss,3,"Feb. 22, 2025",UFC Fight Night: Cejudo vs. Song,,Henry Cejudo,win,3,"Mar. 09, 2024",UFC 299: O'Malley vs. Vera 2,,Petr Yan,loss,3,"Dec. 09, 2023",UFC Fight Night: Song vs. Gutierrez,,Chris Gutierrez,win,5,"Apr. 29, 2023",UFC Fight Night: Song vs. Simon,KO/TKO,Ricky Simon,win,5,"Sep. 17, 2022",UFC Fight Night: Sandhagen vs. Song,KO/TKO,Cory Sandhagen,loss,4,"Mar. 12, 2022",UFC Fight Night: Santos vs. Ankalaev,KO/TKO,Marlon Moraes,win,1,"Nov. 13, 2021",UFC Fight Night: Holloway vs. Rodriguez,KO/TKO,Julio Arce,win,2,"Aug. 07, 2021",UFC 265: Lewis vs. Gane,,Casey Kenney,win,3,"Mar. 06, 2021",UFC 259: Blachowicz vs. Adesanya,,Kyler Phillips,loss,3
Deiveson Figueiredo,http://www.ufcstats.com/fighter-details/aa72b0f831d0bfe5,2.63,53,3.47,49,1.61,35,57,1.2,21,"Jan. 24, 2026",UFC 324: Gaethje vs. Pimblett,,Umar Nurmagomedov,loss,3,"Oct. 11, 2025",UFC Fight Night: Oliveira vs. Gamrot,,Montel Jackson,win,3,"May. 03, 2025",UFC Fight Night: Sandhagen vs. Figueiredo,KO/TKO,Cory Sandhagen,loss,2,"Nov. 23, 2024",UFC Fight Night: Yan vs. Figueiredo,,Petr Yan,loss,5,"Aug. 03, 2024",UFC Fight Night: Sandhagen vs. Nurmagomedov,,Marlon Vera,win,3,"Apr. 13, 2024",UFC 300: Pereira vs. Hill,,Cody Garbrandt,win,2,"Dec. 02, 2023",UFC Fight Night: Dariush vs. Tsarukyan,,Rob Font,win,3,"Jan. 21, 2023",UFC 283: Teixeira vs. Hill,KO/TKO,Brandon Moreno,loss,3,"Jan. 22, 2022",UFC 270: Ngannou vs. Gane,,Brandon Moreno,win,5,"Jun. 12, 2021",UFC 263: Adesanya vs. Vettori 2,,Brandon Moreno,loss,3
Zhang Mingyang,http://www.ufcstats.com/fighter-details/8a65fd9ba31fd3f7,7.71,60,5.33,43,0.00,0,75,0.0,5,"Aug. 23, 2025",UFC Fight Night: Walker vs. Zhang,KO/TKO,Johnny Walker,loss,2,"Apr. 26, 2025",UFC Fight Night: Machado Garry vs. Prates,KO/TKO,Anthony Smith,win,1,"Nov. 23, 2024",UFC Fight Night: Yan vs. Figueiredo,KO/TKO,Ozzy Diaz,win,1,"Feb. 17, 2024",UFC 298: Volkanovski vs. Topuria,KO/TKO,Brendson Ribeiro,win,1,"Jun. 09, 2022",Road to UFC 1.1,KO/TKO,Tuco Tokkos,win,1,,,,,,,,,,,,,,,,,,,,,,,,,,,,,,
Alonzo Menifield,http://www.ufcstats.com/fighter-details/a495f599e787614f,3.77,53,3.81,50,0.50,31,78,0.2,19,"Nov. 22, 2025",UFC Fight Night: Tsarukyan vs. Hooker,KO/TKO,Volkan Oezdemir,loss,1,"Jun. 14, 2025",UFC Fight Night: Usman vs. Buckley,,Oumar Sy,win,3,"Feb. 22, 2025",UFC Fight Night: Cejudo vs. Song,,Julius Walker,win,3,"Aug. 03, 2024",UFC Fight Night: Sandhagen vs. Nurmagomedov,KO/TKO,Azamat Murzakanov,loss,2,"May. 11, 2024",UFC Fight Night: Lewis vs. Nascimento,KO/TKO,Carlos Ulberg,loss,1,"Dec. 16, 2023",UFC 296: Edwards vs. Covington,,Dustin Jacoby,win,3,"Jul. 08, 2023",UFC 290: Volkanovski vs. Rodriguez,,Jimmy Crute,win,2,"Feb. 11, 2023",UFC 284: Makhachev vs. Volkanovski,,Jimmy Crute,draw,3,"Oct. 15, 2022",UFC Fight Night: Grasso vs. Araujo,KO/TKO,Misha Cirkunov,win,1,"Jun. 04, 2022",UFC Fight Night: Volkov vs. Rozenstruik,KO/TKO,Askar Mozharov,win,1
Sergei Pavlovich,http://www.ufcstats.com/fighter-details/f14cf73e51b29254,4.43,44,3.62,55,0.48,25,75,0.0,11,"Aug. 23, 2025",UFC Fight Night: Walker vs. Zhang,,Waldo Cortes Acosta,win,3,"Feb. 01, 2025",UFC Fight Night: Adesanya vs. Imavov,,Jairzinho Rozenstruik,win,3,"Jun. 22, 2024",UFC Fight Night: Whittaker vs. Aliskerov,,Alexander Volkov,loss,3,"Nov. 11, 2023",UFC 295: Prochazka vs. Pereira,KO/TKO,Tom Aspinall,loss,1,"Apr. 22, 2023",UFC Fight Night: Pavlovich vs. Blaydes,KO/TKO,Curtis Blaydes,win,1,"Dec. 03, 2022",UFC Fight Night: Thompson vs. Holland,KO/TKO,Tai Tuivasa,win,1,"Jul. 30, 2022",UFC 277: Pena vs. Nunes 2,KO/TKO,Derrick Lewis,win,1,"Mar. 19, 2022",UFC Fight Night: Volkov vs. Aspinall,KO/TKO,Shamil Abdurakhimov,win,1,"Oct. 26, 2019",UFC Fight Night: Maia vs. Askren,KO/TKO,Maurice Greene,win,1,"Apr. 20, 2019",UFC Fight Night: Overeem vs. Oleinik,KO/TKO,Marcelo Golm,win,1
Tallison Teixeira,http://www.ufcstats.com/fighter-details/17923f676f100e16,5.02,64,3.86,42,2.48,30,0,0.0,4,"Jan. 31, 2026",UFC 325: Volkanovski vs. Lopes 2,,Tai Tuivasa,win,3,"Jul. 12, 2025",UFC Fight Night: Lewis vs. Teixeira,KO/TKO,Derrick Lewis,loss,1,"Feb. 08, 2025",UFC 312: Du Plessis vs. Strickland 2,KO/TKO,Justin Tafa,win,1,"Sep. 17, 2024",DWCS 8.6,KO/TKO,Arthur Lopes,win,1,,,,,,,,,,,,,,,,,,,,,,,,,,,,,,,,,,,,
Kai Asakura,http://www.ufcstats.com/fighter-details/d33da8a3d82bdb62,2.27,32,3.53,52,0.00,0,50,0.0,2,"Aug. 16, 2025",UFC 319: Du Plessis vs. Chimaev,,Tim Elliott,loss,2,"Dec. 07, 2024",UFC 310: Pantoja vs. Asakura,,Alexandre Pantoja,loss,2,,,,,,,,,,,,,,,,,,,,,,,,,,,,,,,,,,,,,,,,,,,,,,,,
Cameron Smotherman,http://www.ufcstats.com/fighter-details/5c84f673b7bb7c15,4.07,37,3.52,58,0.00,0,62,0.0,4,"Jun. 14, 2025",UFC Fight Night: Usman vs. Buckley,,Ricky Simon,loss,3,"May. 03, 2025",UFC Fight Night: Sandhagen vs. Figueiredo,,Serhiy Sidey,loss,3,"Oct. 19, 2024",UFC Fight Night: Hernandez vs. Pereira,,Jake Hadley,win,3,"Aug. 15, 2023",DWCS 7.2,KO/TKO,Charalampos Grigoriou,loss,1,,,,,,,,,,,,,,,,,,,,,,,,,,,,,,,,,,,,
Alex Perez,http://www.ufcstats.com/fighter-details/ab2b4ff41d6ebe0f,4.41,46,3.20,59,2.21,48,75,0.7,15,"Jan. 24, 2026",UFC 324: Gaethje vs. Pimblett,KO/TKO,Charles Johnson,win,1,"Nov. 22, 2025",UFC Fight Night: Tsarukyan vs. Hooker,,Asu Almabayev,loss,3,"Jun. 15, 2024",UFC Fight Night: Perez vs. Taira,KO/TKO,Tatsuro Taira,loss,2,"Apr. 27, 2024",UFC Fight Night: Nicolau vs. Perez,KO/TKO,Matheus Nicolau,win,2,"Mar. 02, 2024",UFC Fight Night: Rozenstruik vs. Gaziev,,Muhammad Mokaev,loss,3,"Jul. 30, 2022",UFC 277: Pena vs. Nunes 2,,Alexandre Pantoja,loss,1,"Nov. 21, 2020",UFC 255: Figueiredo vs. Perez,,Deiveson Figueiredo,loss,1,"Jun. 06, 2020",UFC 250: Nunes vs. Spencer,KO/TKO,Jussier Formiga,win,1,"Jan. 25, 2020",UFC Fight Night: Blaydes vs. Dos Santos,,Jordan Espinosa,win,1,"Mar. 30, 2019",UFC Fight Night: Barboza vs. Gaethje,,Mark De La Rosa,win,3
Sumudaerji,http://www.ufcstats.com/fighter-details/3cf18e01cb6cbde3,4.43,50,2.35,62,0.67,35,72,0.5,10,"Mar. 07, 2026",UFC 326: Holloway vs. Oliveira 2,,Jesus Aguilar,win,3,"Aug. 23, 2025",UFC Fight Night: Walker vs. Zhang,,Kevin Borjas,win,3,"Apr. 12, 2025",UFC 314: Volkanovski vs. Lopes,,Mitch Raposo,win,3,"Oct. 19, 2024",UFC Fight Night: Hernandez vs. Pereira,,Charles Johnson,loss,3,"Dec. 09, 2023",UFC Fight Night: Song vs. Gutierrez,,Tim Elliott,loss,1,"Jul. 16, 2022",UFC Fight Night: Ortega vs. Rodriguez,,Matt Schnell,loss,2,"Jan. 20, 2021",UFC Fight Night: Chiesa vs. Magny,,Zarrukh Adashev,win,3,"Nov. 28, 2020",UFC Fight Night: Smith vs. Clark,KO/TKO,Malcolm Gordon,win,1,"Aug. 31, 2019",UFC Fight Night: Andrade vs. Zhang,,Andre Soukhamthath,win,3,"Nov. 24, 2018",UFC Fight Night: Blaydes vs. Ngannou 2,,Louis Smolka,loss,2
Muslim Salikhov,http://www.ufcstats.com/fighter-details/447f9858ae78f921,3.37,49,2.96,62,1.07,32,72,0.0,14,"Nov. 08, 2025",UFC Fight Night: Bonfim vs. Brown,KO/TKO,Uros Medic,loss,1,"Jul. 26, 2025",UFC Fight Night: Whittaker vs. De Ridder,KO/TKO,Carlos Leal,win,1,"Nov. 23, 2024",UFC Fight Night: Yan vs. Figueiredo,KO/TKO,Song Kenan,win,1,"Jul. 13, 2024",UFC Fight Night: Namajunas vs. Cortez,,Santiago Ponzinibbio,win,3,"Feb. 03, 2024",UFC Fight Night: Dolidze vs. Imavov,KO/TKO,Randy Brown,loss,1,"Jun. 17, 2023",UFC Fight Night: Vettori vs. Cannonier,,Nicolas Dalby,loss,3,"Nov. 19, 2022",UFC Fight Night: Nzechukwu vs. Cutelaba,KO/TKO,Andre Fialho,win,3,"Jul. 16, 2022",UFC Fight Night: Ortega vs. Rodriguez,KO/TKO,Li Jingliang,loss,2,"Jun. 05, 2021",UFC Fight Night: Rozenstruik vs. Sakai,,Francisco Trinaldo,win,3,"Jul. 11, 2020",UFC 251: Usman vs. Masvidal,,Elizeu Zaleski dos Santos,win,3
Jake Matthews,http://www.ufcstats.com/fighter-details/a845f0735bc67405,3.34,43,2.62,60,1.44,41,64,0.8,23,"Sep. 27, 2025",UFC Fight Night: Ulberg vs. Reyes,,Neil Magny,loss,3,"Jul. 12, 2025",UFC Fight Night: Lewis vs. Teixeira,,Chidi Njokuani,win,1,"Feb. 08, 2025",UFC 312: Du Plessis vs. Strickland 2,,Francisco Prado,win,3,"Jun. 01, 2024",UFC 302: Makhachev vs. Poirier,,Phil Rowe,win,3,"Nov. 18, 2023",UFC Fight Night: Allen vs. Craig,,Michael Morales,loss,3,"Jul. 29, 2023",UFC 291: Poirier vs. Gaethje 2,,Darrius Flowers,win,2,"Dec. 17, 2022",UFC Fight Night: Cannonier vs. Strickland,,Matthew Semelsberger,loss,3,"Jun. 11, 2022",UFC 275: Teixeira vs. Prochazka,KO/TKO,Andre Fialho,win,2,"Mar. 06, 2021",UFC 259: Blachowicz vs. Adesanya,,Sean Brady,loss,3,"Sep. 26, 2020",UFC 253: Adesanya vs. Costa,,Diego Sanchez,win,3
Yi Sak Lee,http://www.ufcstats.com/fighter-details/e6666480a830f764,0.00,0,0.00,0,0.00,0,0,0.0,0,,,,,,,,,,,,,,,,,,,,,,,,,,,,,,,,,,,,,,,,,,,,,,,,,,,,,,,,,,,,
Luis Felipe Dias,http://www.ufcstats.com/fighter-details/33a86e839ad202d8,1.77,38,2.70,52,6.24,57,66,1.6,1,"Oct. 07, 2025",DWCS 9.9,,Donavon Hedrick,win,2,,,,,,,,,,,,,,,,,,,,,,,,,,,,,,,,,,,,,,,,,,,,,,,,,,,,,,
Aoriqileng,http://www.ufcstats.com/fighter-details/7d420039bbfe7c1a,4.69,49,5.47,48,1.20,46,58,0.0,9,"Oct. 18, 2025",UFC Fight Night: De Ridder vs. Allen,KO/TKO,Cody Gibson,win,1,"Sep. 14, 2024",UFC 306: Riyadh Season Noche UFC,,Raul Rosas Jr.,loss,3,"Feb. 10, 2024",UFC Fight Night: Hermansson vs. Pyfer,,Daniel Marcos,nc,2,"Oct. 07, 2023",UFC Fight Night: Dawson vs. Green,,Johnny Munoz,win,3,"Jun. 10, 2023",UFC 289: Nunes vs. Aldana,KO/TKO,Aiemann Zahabi,loss,1,"Aug. 20, 2022",UFC 278: Usman vs. Edwards,,Jay Perrin,win,3,"Apr. 23, 2022",UFC Fight Night: Lemos vs. Andrade,KO/TKO,Cameron Else,win,1,"Nov. 20, 2021",UFC Fight Night: Vieira vs. Tate,,Cody Durden,loss,3,"Apr. 24, 2021",UFC 261: Usman vs. Masvidal 2,,Jeff Molina,loss,3,,,,,,
Cody Haddon,http://www.ufcstats.com/fighter-details/8e6654e9f0461b8f,9.20,51,3.47,64,2.48,37,83,0.8,2,"Oct. 12, 2024",UFC Fight Night: Royval vs. Taira,,Dan Argueta,win,3,"Aug. 20, 2024",DWCS 8.2,,Billy Brand,win,1,,,,,,,,,,,,,,,,,,,,,,,,,,,,,,,,,,,,,,,,,,,,,,,,
Rei Tsuruya,http://www.ufcstats.com/fighter-details/2f43a3e82661fa99,2.24,52,2.01,42,5.06,37,50,1.9,5,"Mar. 08, 2025",UFC 313: Pereira vs. Ankalaev,,Joshua Van,loss,3,"Jun. 29, 2024",UFC 303: Pereira vs. Prochazka 2,,Carlos Hernandez,win,3,"Feb. 03, 2024",Road to UFC 2.7,KO/TKO,Jiniushiyue,win,1,"Aug. 27, 2023",Road to UFC 2.5 + 2.6,,Mark Climaco,win,3,"May. 27, 2023",Road to UFC 2.1 + 2.2,,Ronal Siahaan,win,2,,,,,,,,,,,,,,,,,,,,,,,,,,,,,,
Jesus Aguilar,http://www.ufcstats.com/fighter-details/c051c2e12d692b8a,2.54,38,2.29,61,1.52,29,45,1.1,8,"Mar. 07, 2026",UFC 326: Holloway vs. Oliveira 2,,Sumudaerji,loss,3,"Sep. 13, 2025",UFC Fight Night: Lopes vs. Silva,,Luis Gurule,win,3,"Feb. 15, 2025",UFC Fight Night: Cannonier vs. Rodrigues,,Rafael Estevam,loss,3,"Aug. 17, 2024",UFC 305: Du Plessis vs. Adesanya,,Stewart Nicoll,win,1,"Feb. 24, 2024",UFC Fight Night: Moreno vs. Royval 2,,Mateus Mendonca,win,3,"Jul. 08, 2023",UFC 290: Volkanovski vs. Rodriguez,KO/TKO,Shannon Ross,win,1,"Feb. 04, 2023",UFC Fight Night: Lewis vs. Spivac,,Tatsuro Taira,loss,1,"Aug. 23, 2022",DWCS 6.5,,Erisson Ferreira,win,3,,,,,,,,,,,,
Angela Hill,http://www.ufcstats.com/fighter-details/f0feeb2192937424,5.37,50,5.02,60,0.75,30,72,0.1,29,"Nov. 15, 2025",UFC 322: Della Maddalena vs. Makhachev,,Fatima Kline,loss,3,"Aug. 09, 2025",UFC Fight Night: Dolidze vs. Hernandez,,Iasmin Lucindo,loss,3,"Feb. 15, 2025",UFC Fight Night: Cannonier vs. Rodrigues,,Ketlen Souza,win,3,"Aug. 24, 2024",UFC Fight Night: Cannonier vs. Borralho,,Tabatha Ricci,loss,3,"May. 18, 2024",UFC Fight Night: Barboza vs. Murphy,,Luana Pinheiro,win,2,"Nov. 04, 2023",UFC Fight Night: Almeida vs. Lewis,,Denise Gomes,win,3,"May. 20, 2023",UFC Fight Night: Dern vs. Hill,,Mackenzie Dern,loss,5,"Dec. 03, 2022",UFC Fight Night: Thompson vs. Holland,,Emily Ducote,win,3,"Aug. 13, 2022",UFC Fight Night: Vera vs. Cruz,,Loopy Godinez,win,3,"May. 14, 2022",UFC Fight Night: Blachowicz vs. Rakic,,Virna Jandiroba,loss,3
Xiong Jingnan,http://www.ufcstats.com/fighter-details/2cdb479a0ef0ee1d,0.00,0,0.00,0,0.00,0,0,0.0,0,,,,,,,,,,,,,,,,,,,,,,,,,,,,,,,,,,,,,,,,,,,,,,,,,,,,,,,,,,,,
Loma Lookboonmee,http://www.ufcstats.com/fighter-details/4e30e4250cb08b61,3.67,55,2.52,53,1.81,50,68,0.1,10,"Sep. 27, 2025",UFC Fight Night: Ulberg vs. Reyes,,Alexia Thainara,loss,3,"Apr. 05, 2025",UFC Fight Night: Emmett vs. Murphy,,Istela Nunes,win,3,"Feb. 10, 2024",UFC Fight Night: Hermansson vs. Pyfer,,Bruna Brasil,win,3,"Feb. 11, 2023",UFC 284: Makhachev vs. Volkanovski,,Elise Reed,win,2,"Sep. 17, 2022",UFC Fight Night: Sandhagen vs. Song,,Denise Gomes,win,3,"Nov. 20, 2021",UFC Fight Night: Vieira vs. Tate,,Loopy Godinez,loss,3,"May. 01, 2021",UFC Fight Night: Reyes vs. Prochazka,,Sam Hughes,win,3,"Oct. 03, 2020",UFC Fight Night: Holm vs. Aldana,,Jinh Yu Frey,win,3,"Feb. 22, 2020",UFC Fight Night: Felder vs. Hooker,,Angela Hill,loss,3,"Oct. 26, 2019",UFC Fight Night: Maia vs. Askren,,Aleksandra Albu,win,3
Jaqueline Amorim,http://www.ufcstats.com/fighter-details/bc7d1ad49fcb2d08,2.43,50,2.16,54,2.16,36,0,3.8,6,"Oct. 25, 2025",UFC 321: Aspinall vs. Gane,,Mizuki,loss,3,"Apr. 26, 2025",UFC Fight Night: Machado Garry vs. Prates,,Polyana Viana,win,2,"Sep. 07, 2024",UFC Fight Night: Burns vs. Brady,,Vanessa Demopoulos,win,1,"Mar. 16, 2024",UFC Fight Night: Tuivasa vs. Tybura,,Cory McKenna,win,1,"Aug. 12, 2023",UFC Fight Night: Luque vs. Dos Anjos,KO/TKO,Montserrat Conejo Ruiz,win,3,"Apr. 08, 2023",UFC 287: Pereira vs. Adesanya 2,,Sam Hughes,loss,3,,,,,,,,,,,,,,,,,,,,,,,,
Zhu Kangjie,http://www.ufcstats.com/fighter-details/6f4ec5aa3eced219,2.89,48,1.33,70,0.33,100,51,0.0,3,"May. 23, 2025",Road to UFC 4.3 + 4.4,,Xie Bin,win,3,"Aug. 23, 2024",Road to UFC 3.5 + 3.6,,Shin Haraguchi,win,3,"May. 18, 2024",Road to UFC 3.1 + 3.2,,Tatsuya Ando,win,3,,,,,,,,,,,,,,,,,,,,,,,,,,,,,,,,,,,,,,,,,,
Ramon Taveras,http://www.ufcstats.com/fighter-details/c5ccd878231c5407,4.07,43,6.45,54,0.00,0,72,0.0,5,"Sep. 27, 2025",UFC Fight Night: Ulberg vs. Reyes,,Jack Jenkins,loss,3,"Dec. 14, 2024",UFC Fight Night: Covington vs. Buckley,,Davey Grant,loss,3,"Jan. 20, 2024",UFC 297: Strickland vs. Du Plessis,,Serhiy Sidey,win,3,"Oct. 10, 2023",DWCS 7.10,KO/TKO,Cortavious Romious,win,1,"Sep. 05, 2023",DWCS 7.5,KO/TKO,Serhiy Sidey,loss,1,,,,,,,,,,,,,,,,,,,,,,,,,,,,,,
Belal Muhammad,http://www.ufcstats.com/fighter-details/b1b0729d27936f2f,4.43,43,3.82,55,2.14,36,90,0.1,21,"Nov. 22, 2025",UFC Fight Night: Tsarukyan vs. Hooker,,Ian Machado Garry,loss,3,"May. 10, 2025",UFC 315: Muhammad vs. Della Maddalena,,Jack Della Maddalena,loss,5,"Jul. 27, 2024",UFC 304: Edwards vs. Muhammad 2,,Leon Edwards,win,5,"May. 06, 2023",UFC 288: Sterling vs. Cejudo,,Gilbert Burns,win,5,"Oct. 22, 2022",UFC 280: Oliveira vs. Makhachev,KO/TKO,Sean Brady,win,2,"Apr. 16, 2022",UFC Fight Night: Luque vs. Muhammad,,Vicente Luque,win,5,"Dec. 18, 2021",UFC Fight Night: Lewis vs. Daukaus,,Stephen Thompson,win,3,"Jun. 12, 2021",UFC 263: Adesanya vs. Vettori 2,,Demian Maia,win,3,"Mar. 13, 2021",UFC Fight Night: Edwards vs. Muhammad,,Leon Edwards,nc,2,"Feb. 13, 2021",UFC 258: Usman vs. Burns,,Dhiego Lima,win,3
Gabriel Bonfim,http://www.ufcstats.com/fighter-details/01641ba5df0c69b0,4.61,46,3.68,63,3.60,55,76,1.4,8,"Nov. 08, 2025",UFC Fight Night: Bonfim vs. Brown,KO/TKO,Randy Brown,win,2,"Jul. 12, 2025",UFC Fight Night: Lewis vs. Teixeira,,Stephen Thompson,win,3,"Feb. 15, 2025",UFC Fight Night: Cannonier vs. Rodrigues,,Khaos Williams,win,2,"Jul. 13, 2024",UFC Fight Night: Namajunas vs. Cortez,,Ange Loosa,win,3,"Nov. 04, 2023",UFC Fight Night: Almeida vs. Lewis,KO/TKO,Nicolas Dalby,loss,2,"Jul. 29, 2023",UFC 291: Poirier vs. Gaethje 2,,Trevin Giles,win,1,"Jan. 21, 2023",UFC 283: Teixeira vs. Hill,,Mounir Lazzez,win,1,"Sep. 06, 2022",DWCS 6.7,,Trey Waters,win,1,,,,,,,,,,,,
Iwo Baraniewski,http://www.ufcstats.com/fighter-details/1c23ec2f1b71be40,15.77,70,14.01,46,0.00,0,100,0.0,3,"Mar. 21, 2026",UFC Fight Night: Evloev vs. Murphy,KO/TKO,Austen Lane,win,1,"Dec. 06, 2025",UFC 323: Dvalishvili vs. Yan 2,KO/TKO,Ibo Aslan,win,1,"Sep. 16, 2025",DWCS 9.6,KO/TKO,Mahamed Aly,win,1,,,,,,,,,,,,,,,,,,,,,,,,,,,,,,,,,,,,,,,,,,
Billy Elekana,http://www.ufcstats.com/fighter-details/07a74004d964c7f4,2.71,56,3.59,46,0.85,22,0,0.8,4,"Jan. 31, 2026",UFC 325: Volkanovski vs. Lopes 2,,Junior Tafa,win,2,"Nov. 01, 2025",UFC Fight Night: Garcia vs. Onama,,Kevin Christian,win,1,"Jul. 26, 2025",UFC Fight Night: Whittaker vs. De Ridder,,Ibo Aslan,win,3,"Jan. 18, 2025",UFC 311: Makhachev vs. Moicano,,Bogdan Guskov,loss,2,,,,,,,,,,,,,,,,,,,,,,,,,,,,,,,,,,,,
Imanol Rodriguez,http://www.ufcstats.com/fighter-details/6e8349a0a0476d60,5.71,55,2.42,58,1.30,33,0,0.0,2,"Feb. 28, 2026",UFC Fight Night: Moreno vs. Kavanagh,KO/TKO,Kevin Borjas,win,2,"Oct. 07, 2025",DWCS 9.9,KO/TKO,Roque Conceicao,win,1,,,,,,,,,,,,,,,,,,,,,,,,,,,,,,,,,,,,,,,,,,,,,,,,
Matt Schnell,http://www.ufcstats.com/fighter-details/67c1d46f4ed16f9e,4.07,40,4.11,55,0.60,45,43,1.2,16,"Nov. 08, 2025",UFC Fight Night: Bonfim vs. Brown,,Joseph Morales,loss,1,"Apr. 26, 2025",UFC Fight Night: Machado Garry vs. Prates,,Jimmy Flick,win,3,"Sep. 07, 2024",UFC Fight Night: Burns vs. Brady,,Cody Durden,loss,2,"Mar. 02, 2024",UFC Fight Night: Rozenstruik vs. Gaziev,KO/TKO,Steve Erceg,loss,2,"Dec. 03, 2022",UFC Fight Night: Thompson vs. Holland,KO/TKO,Matheus Nicolau,loss,2,"Jul. 16, 2022",UFC Fight Night: Ortega vs. Rodriguez,,Sumudaerji,win,2,"May. 07, 2022",UFC 274: Oliveira vs. Gaethje,,Brandon Royval,loss,1,"May. 15, 2021",UFC 262: Oliveira vs. Chandler,,Rogerio Bontorin,nc,3,"Jan. 20, 2021",UFC Fight Night: Chiesa vs. Magny,,Tyson Nam,win,3,"Dec. 21, 2019",UFC Fight Night: Edgar vs. The Korean Zombie,KO/TKO,Alexandre Pantoja,loss,1
Bruno Silva,http://www.ufcstats.com/fighter-details/294aa73dbf37d281,3.95,51,4.69,51,2.01,25,72,0.2,11,"Mar. 14, 2026",UFC Fight Night: Emmett vs. Vallejos,,Charles Johnson,loss,3,"Oct. 18, 2025",UFC Fight Night: De Ridder vs. Allen,,HyunSung Park,win,3,"Jun. 07, 2025",UFC 316: Dvalishvili vs. O'Malley 2,KO/TKO,Joshua Van,loss,3,"Dec. 14, 2024",UFC Fight Night: Covington vs. Buckley,KO/TKO,Manel Kape,loss,3,"Jul. 20, 2024",UFC Fight Night: Lemos vs. Jandiroba,KO/TKO,Cody Durden,win,2,"Mar. 11, 2023",UFC Fight Night: Yan vs. Dvalishvili,,Tyson Nam,win,2,"May. 22, 2021",UFC Fight Night: Font vs. Garbrandt,KO/TKO,Victor Rodriguez,win,1,"Mar. 20, 2021",UFC Fight Night: Brunson vs. Holland,KO/TKO,JP Buys,win,2,"Oct. 10, 2020",UFC Fight Night: Moraes vs. Sandhagen,,Tagir Ulanbekov,loss,3,"Mar. 14, 2020",UFC Fight Night: Lee vs. Oliveira,,David Dvorak,loss,3
Edgar Chairez,http://www.ufcstats.com/fighter-details/5ef94841c4bc3f86,3.65,45,4.75,46,0.00,0,38,1.3,7,"Feb. 28, 2026",UFC Fight Night: Moreno vs. Kavanagh,,Felipe Bunes,win,3,"Mar. 29, 2025",UFC Fight Night: Moreno vs. Erceg,,CJ Vergara,win,1,"Sep. 14, 2024",UFC 306: Riyadh Season Noche UFC,,Joshua Van,loss,3,"Feb. 24, 2024",UFC Fight Night: Moreno vs. Royval 2,,Daniel Lacerda,win,1,"Sep. 16, 2023",UFC Fight Night: Grasso vs. Shevchenko 2,,Daniel Lacerda,nc,1,"Jul. 08, 2023",UFC 290: Volkanovski vs. Rodriguez,,Tatsuro Taira,loss,3,"Aug. 09, 2022",DWCS 6.3,,Clayton Carpenter,loss,3,,,,,,,,,,,,,,,,,,
Jeisla Chaves,http://www.ufcstats.com/fighter-details/8061a3136026a673,5.67,51,4.27,60,0.00,0,75,0.0,1,"Sep. 23, 2025",DWCS 9.7,,Sofia Montenegro,win,3,,,,,,,,,,,,,,,,,,,,,,,,,,,,,,,,,,,,,,,,,,,,,,,,,,,,,,
Yuneisy Duben,http://www.ufcstats.com/fighter-details/c3d2b9bcb4cead6b,13.53,48,10.75,53,0.00,0,0,0.0,2,"Mar. 15, 2025",UFC Fight Night: Vettori vs. Dolidze 2,KO/TKO,Carli Judice,loss,1,"Sep. 03, 2024",DWCS 8.4,KO/TKO,Shannon Clark,win,1,,,,,,,,,,,,,,,,,,,,,,,,,,,,,,,,,,,,,,,,,,,,,,,,
Brendan Allen,http://www.ufcstats.com/fighter-details/2f181c0467965b98,3.59,53,3.62,47,1.56,42,56,1.1,19,"Oct. 18, 2025",UFC Fight Night: De Ridder vs. Allen,KO/TKO,Reinier de Ridder,win,4,"Jul. 19, 2025",UFC 318: Holloway vs. Poirier 3,,Marvin Vettori,win,3,"Feb. 22, 2025",UFC Fight Night: Cejudo vs. Song,,Anthony Hernandez,loss,3,"Sep. 28, 2024",UFC Fight Night: Moicano vs. Saint Denis,,Nassourdine Imavov,loss,3,"Apr. 06, 2024",UFC Fight Night: Allen vs. Curtis 2,,Chris Curtis,win,5,"Nov. 18, 2023",UFC Fight Night: Allen vs. Craig,,Paul Craig,win,3,"Jun. 24, 2023",UFC Fight Night: Emmett vs. Topuria,,Bruno Silva,win,1,"Feb. 25, 2023",UFC Fight Night: Muniz vs. Allen,,Andre Muniz,win,3,"Oct. 01, 2022",UFC Fight Night: Dern vs. Yan,,Krzysztof Jotko,win,1,"Jun. 11, 2022",UFC 275: Teixeira vs. Prochazka,,Jacob Malkoun,win,3
Edmen Shahbazyan,http://www.ufcstats.com/fighter-details/4144798612ef96e5,3.80,48,3.60,49,1.62,37,66,0.4,15,"Oct. 04, 2025",UFC 320: Ankalaev vs. Pereira 2,KO/TKO,Andre Muniz,win,1,"Jun. 14, 2025",UFC Fight Night: Usman vs. Buckley,,Andre Petroski,win,3,"Feb. 15, 2025",UFC Fight Night: Cannonier vs. Rodrigues,KO/TKO,Dylan Budka,win,1,"Aug. 24, 2024",UFC Fight Night: Cannonier vs. Borralho,,Gerald Meerschaert,loss,2,"Mar. 23, 2024",UFC Fight Night: Ribas vs. Namajunas,KO/TKO,AJ Dobson,win,1,"May. 20, 2023",UFC Fight Night: Dern vs. Hill,KO/TKO,Anthony Hernandez,loss,3,"Dec. 10, 2022",UFC 282: Blachowicz vs. Ankalaev,KO/TKO,Dalcha Lungiambula,win,2,"Nov. 06, 2021",UFC 268: Usman vs. Covington 2,KO/TKO,Nassourdine Imavov,loss,2,"May. 22, 2021",UFC Fight Night: Font vs. Garbrandt,,Jack Hermansson,loss,3,"Aug. 01, 2020",UFC Fight Night: Brunson vs. Shahbazyan,KO/TKO,Derek Brunson,loss,3
Bryce Mitchell,http://www.ufcstats.com/fighter-details/d9c6f19f958643e9,2.27,59,1.60,58,3.24,36,33,1.2,12,"Jul. 26, 2025",UFC Fight Night: Whittaker vs. De Ridder,,Said Nurmagomedov,win,3,"Apr. 12, 2025",UFC 314: Volkanovski vs. Lopes,,Jean Silva,loss,2,"Dec. 07, 2024",UFC 310: Pantoja vs. Asakura,KO/TKO,Kron Gracie,win,3,"Dec. 16, 2023",UFC 296: Edwards vs. Covington,KO/TKO,Josh Emmett,loss,1,"Sep. 23, 2023",UFC Fight Night: Fiziev vs. Gamrot,,Dan Ige,win,3,"Dec. 10, 2022",UFC 282: Blachowicz vs. Ankalaev,,Ilia Topuria,loss,2,"Mar. 05, 2022",UFC 272: Covington vs. Masvidal,,Edson Barboza,win,3,"Oct. 31, 2020",UFC Fight Night: Hall vs. Silva,,Andre Fili,win,3,"May. 09, 2020",UFC 249: Ferguson vs. Gaethje,,Charles Rosa,win,3,"Dec. 07, 2019",UFC Fight Night: Overeem vs. Rozenstruik,,Matt Sayles,win,1
Victor Henry,http://www.ufcstats.com/fighter-details/eb8d8c2a95cfccb8,7.17,53,5.19,48,1.04,42,81,0.3,7,"Apr. 05, 2025",UFC Fight Night: Emmett vs. Murphy,,Pedro Falcao,win,3,"Nov. 02, 2024",UFC Fight Night: Moreno vs. Albazi,,Charles Jourdain,loss,2,"Apr. 27, 2024",UFC Fight Night: Nicolau vs. Perez,KO/TKO,Rani Yahya,win,3,"Oct. 21, 2023",UFC 294: Makhachev vs. Volkanovski 2,,Javid Basharat,nc,2,"Mar. 11, 2023",UFC Fight Night: Yan vs. Dvalishvili,,Tony Gravely,win,3,"Oct. 15, 2022",UFC Fight Night: Grasso vs. Araujo,,Raphael Assuncao,loss,3,"Jan. 22, 2022",UFC 270: Ngannou vs. Gane,,Raoni Barcelos,win,3,,,,,,,,,,,,,,,,,,
Marcus McGhee,http://www.ufcstats.com/fighter-details/c0ac37a4a1133da9,5.50,45,3.64,57,0.31,14,90,0.3,5,"Jul. 26, 2025",UFC Fight Night: Whittaker vs. De Ridder,,Petr Yan,loss,3,"Nov. 16, 2024",UFC 309: Jones vs. Miocic,,Jonathan Martinez,win,3,"Jan. 13, 2024",UFC Fight Night: Ankalaev vs. Walker 2,KO/TKO,Gaston Bolanos,win,2,"Aug. 12, 2023",UFC Fight Night: Luque vs. Dos Anjos,KO/TKO,JP Buys,win,1,"Apr. 29, 2023",UFC Fight Night: Song vs. Simon,,Journey Newson,win,2,,,,,,,,,,,,,,,,,,,,,,,,,,,,,,
Jakub Wiklacz,http://www.ufcstats.com/fighter-details/6902fcf0610dd303,3.40,44,3.87,46,0.00,0,41,2.5,2,"Feb. 07, 2026",UFC Fight Night: Bautista vs. Oliveira,,Muin Gafurov,win,3,"Oct. 04, 2025",UFC 320: Ankalaev vs. Pereira 2,,Patchy Mix,win,3,,,,,,,,,,,,,,,,,,,,,,,,,,,,,,,,,,,,,,,,,,,,,,,,
Jordan Leavitt,http://www.ufcstats.com/fighter-details/ac026518a9b4dc0f,2.21,57,1.59,58,3.15,34,30,1.1,10,"Feb. 21, 2026",UFC Fight Night: Strickland vs. Hernandez,,Yadier del Valle,win,3,"May. 31, 2025",UFC Fight Night: Blanchfield vs. Barber,,Kurt Holobaugh,win,1,"Nov. 18, 2023",UFC Fight Night: Allen vs. Craig,,Chase Hooper,loss,1,"Feb. 25, 2023",UFC Fight Night: Muniz vs. Allen,KO/TKO,Victor Martinez,win,1,"Jul. 23, 2022",UFC Fight Night: Blaydes vs. Aspinall,,Paddy Pimblett,loss,2,"Apr. 16, 2022",UFC Fight Night: Luque vs. Muhammad,,Trey Ogden,win,3,"Dec. 18, 2021",UFC Fight Night: Lewis vs. Daukaus,,Matt Sayles,win,2,"Jun. 05, 2021",UFC Fight Night: Rozenstruik vs. Sakai,,Claudio Puelles,loss,3,"Dec. 05, 2020",UFC Fight Night: Hermansson vs. Vettori,KO/TKO,Matt Wiman,win,1,"Aug. 04, 2020",DWCS 4.1,,Luke Flores,win,1
Joanderson Brito,http://www.ufcstats.com/fighter-details/791c8437b341fba5,2.43,51,2.32,44,3.38,67,47,1.1,10,"Dec. 13, 2025",UFC Fight Night: Royval vs. Kape,,Isaac Thomson,win,3,"Apr. 05, 2025",UFC Fight Night: Emmett vs. Murphy,,Pat Sabatini,loss,3,"Sep. 28, 2024",UFC Fight Night: Moicano vs. Saint Denis,,William Gomis,loss,3,"May. 04, 2024",UFC 301: Pantoja vs. Erceg,KO/TKO,Jack Shore,win,2,"Nov. 18, 2023",UFC Fight Night: Allen vs. Craig,,Jonathan Pearce,win,2,"Jul. 01, 2023",UFC Fight Night: Strickland vs. Magomedov,KO/TKO,Westin Wilson,win,1,"Oct. 15, 2022",UFC Fight Night: Grasso vs. Araujo,,Lucas Alexander,win,1,"Apr. 30, 2022",UFC Fight Night: Font vs. Vera,KO/TKO,Andre Fili,win,1,"Jan. 15, 2022",UFC Fight Night: Kattar vs. Chikadze,,Bill Algeo,loss,3,"Aug. 31, 2021",DWCS 5.1,,Diego Lopes,win,3
Fares Ziam,http://www.ufcstats.com/fighter-details/1e4f273069fb9e85,2.87,52,1.53,65,1.73,40,71,0.5,10,"Dec. 06, 2025",UFC 323: Dvalishvili vs. Yan 2,KO/TKO,Nazim Sadykhov,win,2,"Feb. 01, 2025",UFC Fight Night: Adesanya vs. Imavov,,Mike Davis,win,3,"Sep. 28, 2024",UFC Fight Night: Moicano vs. Saint Denis,KO/TKO,Matt Frevola,win,3,"Feb. 24, 2024",UFC Fight Night: Moreno vs. Royval 2,,Claudio Puelles,win,3,"Jul. 22, 2023",UFC Fight Night: Aspinall vs. Tybura,,Jai Herbert,win,3,"Sep. 03, 2022",UFC Fight Night: Gane vs. Tuivasa,,Michal Figlak,win,3,"Feb. 26, 2022",UFC Fight Night: Makhachev vs. Green,,Terrance McKinney,loss,1,"Jun. 12, 2021",UFC 263: Adesanya vs. Vettori 2,,Luigi Vendramini,win,3,"Oct. 17, 2020",UFC Fight Night: Ortega vs. The Korean Zombie,,Jamie Mullarkey,win,3,"Sep. 07, 2019",UFC 242: Khabib vs. Poirier,,Don Madge,loss,3
Tom Nolan,http://www.ufcstats.com/fighter-details/6c3b2525436cf5d4,5.87,45,4.73,48,0.74,22,71,1.9,6,"Sep. 27, 2025",UFC Fight Night: Ulberg vs. Reyes,,Charlie Campbell,win,1,"Feb. 08, 2025",UFC 312: Du Plessis vs. Strickland 2,,Viacheslav Borshchev,win,3,"Aug. 17, 2024",UFC 305: Du Plessis vs. Adesanya,,Alex Reyes,win,3,"May. 18, 2024",UFC Fight Night: Barboza vs. Murphy,KO/TKO,Victor Martinez,win,1,"Jan. 13, 2024",UFC Fight Night: Ankalaev vs. Walker 2,KO/TKO,Nikolas Motta,loss,1,"Aug. 08, 2023",DWCS 7.1,KO/TKO,Bogdan Grad,win,1,,,,,,,,,,,,,,,,,,,,,,,,
Ketlen Souza,http://www.ufcstats.com/fighter-details/8bd4200561c77a62,4.01,56,3.86,52,0.46,13,53,0.2,6,"Feb. 07, 2026",UFC Fight Night: Bautista vs. Oliveira,,Bruna Brasil,win,3,"Aug. 02, 2025",UFC Fight Night: Taira vs. Park,,Piera Rodriguez,loss,3,"Feb. 15, 2025",UFC Fight Night: Cannonier vs. Rodrigues,,Angela Hill,loss,3,"Sep. 14, 2024",UFC 306: Riyadh Season Noche UFC,,Yazmin Jauregui,win,1,"Apr. 27, 2024",UFC Fight Night: Nicolau vs. Perez,,Marnic Mann,win,3,"Jun. 03, 2023",UFC Fight Night: Kara-France vs. Albazi,,Karine Silva,loss,1,,,,,,,,,,,,,,,,,,,,,,,,
Ariane Carnelossi,http://www.ufcstats.com/fighter-details/c0d5c0c95c59050b,2.63,38,4.61,44,1.08,50,22,0.2,6,"Nov. 01, 2025",UFC Fight Night: Garcia vs. Onama,,Talita Alencar,loss,3,"May. 18, 2024",UFC Fight Night: Barboza vs. Murphy,DQ,Piera Rodriguez,win,2,"May. 07, 2022",UFC 274: Oliveira vs. Gaethje,,Loopy Godinez,loss,3,"Oct. 16, 2021",UFC Fight Night: Ladd vs. Dumont,,Istela Nunes,win,3,"Apr. 24, 2021",UFC 261: Usman vs. Masvidal 2,KO/TKO,Liang Na,win,2,"Sep. 21, 2019",UFC Fight Night: Rodriguez vs. Stephens,KO/TKO,Angela Hill,loss,3,,,,,,,,,,,,,,,,,,,,,,,,
Priscila Cachoeira,http://www.ufcstats.com/fighter-details/b1e5bcaad32a3cac,4.43,44,7.60,45,0.25,40,69,0.0,13,"Feb. 07, 2026",UFC Fight Night: Bautista vs. Oliveira,,Klaudia Sygula,loss,3,"Aug. 09, 2025",UFC Fight Night: Dolidze vs. Hernandez,KO/TKO,Joselyne Edwards,loss,1,"Mar. 15, 2025",UFC Fight Night: Vettori vs. Dolidze 2,KO/TKO,Josiane Nunes,win,1,"Jan. 20, 2024",UFC 297: Strickland vs. Du Plessis,,Jasmine Jasudavicius,loss,3,"Jul. 29, 2023",UFC 291: Poirier vs. Gaethje 2,,Miranda Maverick,loss,3,"Aug. 13, 2022",UFC Fight Night: Vera vs. Cruz,KO/TKO,Ariane da Silva,win,1,"Feb. 26, 2022",UFC Fight Night: Makhachev vs. Green,,Ji Yeon Kim,win,3,"Dec. 11, 2021",UFC 269: Oliveira vs. Poirier,,Gillian Robertson,loss,1,"May. 15, 2021",UFC 262: Oliveira vs. Chandler,KO/TKO,Gina Mazany,win,2,"Feb. 22, 2020",UFC Fight Night: Felder vs. Hooker,KO/TKO,Shana Dobson,win,1
Chelsea Chandler,http://www.ufcstats.com/fighter-details/af9efbfd63d39734,3.55,45,4.44,40,0.87,60,28,0.0,5,"Apr. 26, 2025",UFC Fight Night: Machado Garry vs. Prates,KO/TKO,Joselyne Edwards,loss,1,"Aug. 10, 2024",UFC Fight Night: Tybura vs. Spivac 2,,Yana Santos,loss,3,"Mar. 16, 2024",UFC Fight Night: Tuivasa vs. Tybura,,Josiane Nunes,win,3,"Jul. 15, 2023",UFC Fight Night: Holm vs. Bueno Silva,,Norma Dumont,loss,3,"Oct. 01, 2022",UFC Fight Night: Dern vs. Yan,KO/TKO,Julija Stoliarenko,win,1,,,,,,,,,,,,,,,,,,,,,,,,,,,,,,
